S.No,Word,Split,Type
0,श्रीमद्भगवद्गीता,श्रीमत् भगवत् गीता,consonant
1.1.4,किमकुर्वत,किम् अकुर्वत,consonant
1.1.3,पाण्डवाश्चैव,पाण्डवाः च एव,consonant
1.1.2,समवेतायुयुत्सवः,समवेताः युयुत्सवः,visarga
1.1.1,धृतराष्ट्रउवाच,धृतराष्ट्रः उवाच,visarga
1.2.3,आचार्यमुपसङ्गम्य,आचार्यम् उपसङ्गम्य,consonant
1.2.2,पाण्डवानीकंव्यूढंदुर्योधनस्तदा,पाण्डव आनीकम् व्यूढम् दुर्योधनः तदा,consonant
1.2.1,सञ्जयउवाच,सञ्जयः उवाच,visarga
1.3.3,व्यूढांद्रुपदपुत्रेण,व्यूढाम् द्रुपदपुत्रेण,consonant
1.3.2,महतींचमूम्,महतीम् चमूम्,consonant
1.3.1,पश्यैतांपाण्डुपुत्राणामाचार्य,पश्य एताम् पाण्डुपुत्राणाम् आचार्य,consonant
1.4.3,द्रुपदश्च,द्रुपदः च,visarga
1.4.2,युयुधानोविराटश्च,युयुधानः विराटः च,visarga
1.4.1,शूरामहेष्वासाभीमार्जुनसमायुधि,शूराः महेष्वासाः भीम अर्जुनसमाः युधि,consonant
1.5.5,नरपुङ्गवः,नर पुङ्गवः,consonant
1.5.4,शैब्यश्च,शैब्यः च,visarga
1.5.3,पुरुजित्कुन्तिभोजश्च,पुरुजित्कुन्तिभोजः च,consonant
1.5.2,काशिराजश्च,काशिराजः च,consonant
1.5.1,धृष्टकेतुश्चेकितानः,धृष्टकेतुः चेकितानः,consonant
1.6.3,सौभद्रोद्रौपदेयाश्च,सौभद्रः द्रौपदेयाः च,visarga
1.6.2,उत्तमौजाश्च,उत्तम ओजाः च,consonant
1.6.1,युधामन्युश्च,युधामन्युः च,consonant
1.7.5,सञ्ज्ञार्थम्तान्ब्रवीमि,सञ्ज्ञा अर्थम् तान् ब्रवीमि,consonant
1.7.4,नायकामम,नायकाः मम,visarga
1.7.3,द्विजोत्तम,द्विज उत्तम,vowel
1.7.2,तान्निबोध,तान् निबोध,consonant
1.7.1,अस्माकंतु,अस्माकम् तु,consonant
1.8.6,सौमदत्तिस्तथैव,सौम दत्तिः तथा एव,consonant
1.8.5,विकर्णश्च,विकर्णः च,visarga
1.8.4,समितिञ्जयः,समितिम् जयः,consonant
1.8.3,कृपश्च,कृपः च,visarga
1.8.2,कर्णश्च,कर्णः च,visarga
1.8.1,भवान्भीष्मश्च,भवान् भीष्मः च,consonant
1.9.1,शूरामदर्थे,शूराः मत् अर्थे,consonant
1.10.2,पर्याप्तंत्विदमेतेषांबलंभीमाभिरक्षितम्,पर्याप्तम् तु इदम् एतेषाम् बलम् भीमाभिरक्षितम्,consonant
1.10.1,अपर्याप्तंतदस्माकंबलंभीष्माभिरक्षितम्,अपर्याप्तम् तत् अस्माकम् बलम् भीष्म अभिरक्षितम्,consonant
1.11.2,भीष्ममेवाभिरक्षन्तु,भीष्मम् एव अभिरक्षन्तु,consonant
1.11.1,यथाभागमवस्थिताः,यथाभागम् अवस्थिताः,consonant
1.12.3,शङ्खंदध्मौ,शङ्खम् दध्मौ,consonant
1.12.2,सिंहनादंविनद्योच्चैः,सिंहनादम् विनद्य उच्चैः,consonant
1.12.1,सञ्जनयन्हर्षम्,सञ्जनयन् हर्षम्,consonant
1.13.4,सशब्दस्तुमुलोऽभवत्,सः शब्दः तुमुलः अभवत्,visarga
1.13.3,सहसैवाभ्यहन्यन्त,सहसा एव अभ्यहन्यन्त,vowel
1.13.2,भेर्यश्च,भेर्यः च,visarga
1.13.1,शङ्खाश्च,शङ्खाः च,visarga
1.14.2,पाण्डवश्चैव,पाण्डवः च एव,consonant
1.14.1,श्वेतैर्हयैर्युक्ते,श्वेतैः हयैः युक्ते,visarga
1.15.5,वृकोदरः,वृक उदरः,vowel
1.15.4,महाशङ्खंभीमकर्मा,महाशङ्खम् भीमकर्मा,consonant
1.15.3,पौण्ड्रंदध्मौ,पौण्ड्रम् दध्मौ,consonant
1.15.2,देवदत्तंधनञ्जयः,देवदत्तम् धनम् जयः,consonant
1.15.1,पाञ्चजन्यंहृषीकेशः,पाञ्चजन्यम् हृषीकेशः,consonant
1.16.3,सहदेवश्च,सहदेवः च,visarga
1.16.2,कुन्तिपुत्रोयुधिष्ठिरः,कुन्तिपुत्रो युधि स्थिरः,consonant
1.16.1,अनन्तविजयंराजा,अनन्तविजयम् राजा,consonant
1.17.3,सात्यकिश्चापराजितः,सात्यकिः च अपराजितः,consonant
1.17.2,धृष्टद्युम्नोविराटश्च,धृष्टद्युम्नः विराटः च,consonant
1.17.1,काश्यश्च,काश्यः च,visarga
1.18.3,शङ्खान्दध्मुः,शङ्खान् दध्मुः,consonant
1.18.2,सौभद्रश्च,सौभद्रः च,visarga
1.18.1,द्रुपदोद्रौपदेयाश्च,द्रुपदः द्रौपदेयाः च,visarga
1.19.5,तुमुलोव्यनुनादयन्,तुमुलः वि अनुनादयन्,consonant
1.19.4,पृथिवींचैव,पृथिवीम् च एव,consonant
1.19.3,नभश्च,नभः च,visarga
1.19.2,व्यदारयत्,वि अदारयत्,vowel
1.19.1,सघोषोधार्तराष्ट्राणांहृदयानि,सः घोषः धार्तराष्ट्राणाम् हृदयानि,consonant
1.20.3,धनुरुद्यम्य,धनुः उद्यम्य,visarga
1.20.2,धार्तराष्ट्रान्कपिध्वजः,धार्तराष्ट्रान् कपिध्वजः,consonant
1.20.1,व्यवस्थितान्दृष्ट्वा,व्यवस्थितान् दृष्ट्वा,consonant
1.21.5,मेऽच्युत,मे अच्युत,vowel
1.21.4,रथंस्थापय,रथम् स्थापय,consonant
1.21.3,सेनयोरुभयोर्मध्ये,सेनयोः उभयोः मध्ये,visarga
1.21.2,वाक्यमिदमाह,वाक्यम् इदम् आह,consonant
1.21.1,हृषीकेशंतदा,हृषीकेशम् तदा,consonant
1.22.4,योद्धव्यमस्मिन्रणसमुद्यमे,योद्धव्यम् अस्मिन् रणसमुद्यमे,consonant
1.22.3,कैर्मया,कैः मया,visarga
1.22.2,निरीक्षेऽहंयोद्धुकामानवस्थितान्,निरीक्षे अहम् योद्धुकामान् अवस्थितान्,consonant
1.22.1,यावदेतान्,यावत् एतान्,consonant
1.23.1,योत्स्यमानानवेक्षेऽहंयएतेऽत्र,योत्स्यमानान् अवेक्षे अहम् ये एते अत्र,consonant
1.24.4,रथोत्तमम्,रथ उत्तमम्,vowel
1.24.3,सेनयोरुभयोर्मध्ये,सेनयोः उभयोः मध्ये,visarga
1.24.2,एवमुक्तोहृषीकेशोगुडाकेशेन,एवम् उक्तः हृषीकेशः गुडाकेशेन,consonant
1.24.1,सञ्जयउवाच,सञ्जयः उवाच,visarga
1.25.2,पश्यैतान्समवेतान्कुरूनिति,पश्य एतान् समवेतान् कुरून् इति,consonant
1.25.1,सर्वेषांच,सर्वेषाम् च,consonant
1.26.3,आचार्यान्मातुलान्भ्रातॄन्पुत्रान्पौत्रान्सखींस्तथा,आचार्यान् मातुलान् भ्रातॄन् पुत्रान् पौत्रान् सखीन् तथा,consonant
1.26.2,पितॄनथ,पितॄन् अथ,consonant
1.26.1,तत्रापश्यत्स्थितान्पार्थः,तत्र अपश्यत् स्थितान् पार्थः,consonant
1.27.5,सर्वान्बन्धूनवस्थितान्,सर्वान् बन्धून् अवस्थितान्,consonant
1.27.4,सकौन्तेयः,सः कौन्तेयः,visarga
1.27.3,तान्समीक्ष्य,तान् समीक्ष्य,consonant
1.27.2,सेनयोरुभयोरपि,सेनयोः उभयोः अपि,visarga
1.27.1,श्वशुरान्सुहृदश्चैव,श्वशुरान् सुहृदः च एव,consonant
1.28.3,युयुत्सुंसमुपस्थितम्,युयुत्सुम् सम् उपस्थितम्,consonant
1.28.2,दृष्ट्वेमंस्वजनंकृष्ण,दृष्ट्वा इमम् स्व जनम् कृष्ण,consonant
1.28.1,परयाविष्टोविषीदन्निदमब्रवीत्,परया अविष्टः विषीदन् इदम् अब्रवीत्,consonant
1.29.3,रोमहर्षश्च,रोमहर्षः च,consonant
1.29.2,वेपथुश्च,वेपथुः च,visarga
1.29.1,मुखंच,मुखम् च,consonant
1.30.3,शक्नोम्यवस्थातुंभ्रमतीव,शक्नोमि अवस्थातुम् भ्रमति इव,consonant
1.30.2,हस्तात्त्वक्चैव,हस्तात् त्वक् च एव,consonant
1.30.1,गाण्डीवंस्रंसते,गाण्डीवम् स्रंसते,consonant
1.31.2,स्वजनमाहवे,स्व जनम् आहवे,consonant
1.31.1,श्रेयोऽनुपश्यामि,श्रेयः अनुपश्यामि,visarga
1.32.4,किंभोगैर्जीवितेन,किम् भोगैः जीवितेन,consonant
1.32.3,किंनोराज्येन,किम् नः राज्येन,consonant
1.32.2,राज्यंसुखानि,राज्यम् सुखानि,consonant
1.32.1,विजयंकृष्ण,विजयम् कृष्ण,consonant
1.33.4,प्राणांस्त्यक्त्वा,प्राणान् त्यक्त्वा,consonant
1.33.3,तइमेऽवस्थिता,ते इमे अवस्थिताः,vowel
1.33.2,काङ्क्षितंनोराज्यंभोगाः,काङ्क्षितम् नः राज्यम् भोगाः,consonant
1.33.1,येषामर्थे,येषाम् अर्थे,consonant
1.34.2,सम्बन्धिनस्तथा,सम्बन्धिनः तथा,visarga
1.34.1,पुत्रास्तथैव,पुत्राः तथा एव,consonant
1.35.3,घ्नतोऽपि,घ्नतः अपि,visarga
1.35.2,हन्तुमिच्छामि,हन्तुम् इच्छामि,consonant
1.35.1,एतान्न,एतान् न,consonant
1.36.3,पापमेवाश्रयेदस्मान्हत्वैतानाततायिनः,पापम् एव आश्रयेत् अस्मान् हत्वा एतान् आततायिनः,consonant
1.36.2,स्याज्जनार्दन,स्यात् जन अर्दन,consonant
1.36.1,धार्तराष्ट्रान्नः,धार्तराष्ट्रान् नः,consonant
1.37.3,कथंहत्वा,कथम् हत्वा,consonant
1.37.2,स्वजनंहि,स्वजनम् हि,consonant
1.37.1,तस्मान्नार्हावयंहन्तुंधार्तराष्ट्रान्स्वबान्धवान्,तस्मात् न अर्हाः वयम् हन्तुम् धार्तराष्ट्रान् स्व बान्धवान्,consonant
1.38.3,कुलक्षयकृतंदोषंमित्रद्रोहे,कुलक्षयकृतम् दोषम् मित्रद्रोहे,consonant
1.38.2,लोभोपहतचेतसः,लोभ उपहत चेतसः,consonant
1.38.1,यद्यप्येते,यदि अपि एते,vowel
1.39.4,कुलक्षयकृतंदोषंप्रपश्यद्भिर्जनार्दन,कुलक्षयकृतम् दोषम् प्रपश्यद्भिः जन अर्दन,consonant
1.39.3,पापादस्मान्निवर्तितुम्,पापात् अस्मान् निवर्तितुम्,consonant
1.39.2,ज्ञेयमस्माभिः,ज्ञेयम् अस्माभिः,consonant
1.39.1,कथंन,कथम् न,consonant
1.40.1,कुलंकृत्स्नमधर्मोऽभिभवत्युत,कुलम् कृत्स्नम् अधर्मः अभिभवति उत,consonant
1.41.1,अधर्माभिभवात्कृष्ण,अधर्म अभिभवात् कृष्ण,consonant
1.42.3,पितरोह्येषांलुप्तपिण्डोदकक्रियाः,पितरः हि एषाम् लुप्तपिण्ड उदकक्रियाः,consonant
1.42.1,सङ्करोनरकायैव,सङ्करः नरकाय एव,consonant
1.43.3,कुलधर्माश्च,कुलधर्माः च,consonant
1.43.2,कुलघ्नानांवर्णसङ्करकारकैः,कुलघ्नानाम् वर्णसङ्कर कारकैः,consonant
1.43.1,दोषैरेतैः,दोषैः एतैः,visarga
1.44.2,नरकेऽनियतंवासोभवतीत्यनुशुश्रुम,नरके अनियतम् वासः भवति इति अनुशुश्रुम,consonant
1.44.1,उत्सन्नकुलधर्माणांमनुष्याणांजनार्दन,उत्सत् नकुलधर्माणाम् मनुष्याणाम् जन अर्दन,consonant
1.45.3,हन्तुंस्वजनमुद्यताः,हन्तुम् स्वजनम् उद्यताः,consonant
1.45.2,यद्राज्यसुखलोभेन,यत् राज्यसुखलोभेन,consonant
1.45.1,महत्पापंकर्तुंव्यवसितावयम्,महत् पापम् कर्तुम् वि अवसिता वयम्,consonant
1.46.4,क्षेमतरंभवेत्,क्षेमतरम् भवेत्,consonant
1.46.3,हन्युस्तन्मे,हन्युः तत् मे,consonant
1.46.2,धार्तराष्ट्रारणे,धार्तराष्ट्राः रणे,visarga
1.46.1,मामप्रतीकारमशस्त्रंशस्त्रपाणयः,माम् अप्रतीकारम् अशस्त्रम् शस्त्रपाणयः,consonant
1.47.3,सशरंचापंशोकसंविग्नमानसः,सशरम् चापम् शोकसंविग्नमानसः,consonant
1.47.2,एवमुक्त्वार्जुनः,एवम् उक्त्वा अर्जुनः,consonant
1.47.1,सञ्जयउवाच,सञ्जयः उवाच,visarga
1.48.6,प्रथमोऽध्यायः,प्रथमः अध्यायः,visarga
1.48.5,अर्जुनविषादयोगोनाम,अर्जुनविषादयोगः नाम,consonant
1.48.4,श्रीकृष्णार्जुनसंवादे,श्रीकृष्ण अर्जुन संवादे,consonant
1.48.3,ब्रह्मविद्यायांयोगशास्त्रे,ब्रह्मविद्यायाम् योगशास्त्रे,consonant
1.48.2,श्रीमद्भगवद्गीतासु,श्रीमत् भगवत् गीतासु,consonant
1.48.1,ओंतत्,ओम् तत्,consonant
1..42.2,कुलघ्नानांकुलस्य,कुलघ्नानाम् कुलस्य,consonant
1,प्रथमोऽध्यायः,प्रथमः अध्यायः,visarga
2.1.4,विषीदन्तमिदंवाक्यमुवाच,विषीदन्तम् इदम् वाक्यम् उवाच,consonant
2.1.3,कृपयाविष्टमश्रुपूर्णाकुलेक्षणम्,कृपया आविष्टम् अश्रुपूर्ण आकुल ईक्षणम्,consonant
2.1.2,तंतथा,तम् तथा,consonant
2.1.1,सञ्जयउवाच,सञ्जयः उवाच,visarga
2.2.5,अनार्यजुष्टमस्वर्ग्यमकीर्तिकरमर्जुन,अनार्यजुष्टम् अस्वर्ग्यम् अकीर्तिकरम् अर्जुन,consonant
2.2.4,समुपस्थितम्,सम् उपस्थितम्,consonant
2.2.3,कश्मलमिदंविषमे,कश्मलम् इदम् विषमे,consonant
2.2.2,कुतस्त्वा,कुतः त्वा,visarga
2.2.1,श्रीभगवानुवाच,श्रीभगवान् उवाच,consonant
2.3.4,परन्तप,परम् तप,consonant
2.3.3,क्षुद्रंहृदयदौर्बल्यंत्यक्त्वोत्तिष्ठ,क्षुद्रम् हृदयदौर्बल्यम् त्यक्त्वा उत्तिष्ठ,consonant
2.3.2,नैतत्त्वय्युपपद्यते,न एतत् त्वयि उपपद्यते,consonant
2.3.1,क्लैब्यंमा,क्लैब्यम् मा,consonant
2.4.4,पूजार्हावरिसूदन,पूजा अर्हौ अरिसूदन,consonant
2.4.3,द्रोणञ्च,द्रोणम् च,consonant
2.4.2,कथम्भीष्ममहंसङ्ख्ये,कथम् भीष्मम् अहम् सङ्ख्ये,consonant
2.4.1,अर्जुनउवाच,अर्जुनः उवाच,visarga
2.5.5,गुरूनिहैव,गुरून् इह एव,consonant
2.5.4,हत्वार्थकामांस्तु,हत्वा अर्थकामान् तु,consonant
2.5.3,श्रेयोभोक्तुम्भैक्ष्यमपीह,श्रेयः भोक्तुम् भैक्ष्यम् अपि इह,consonant
2.5.2,महानुभावान्,महा अनुभावान्,vowel
2.5.1,गुरूनहत्वा,गुरून् अहत्वा,consonant
2.6.6,तेऽवस्थिताः,ते अवस्थिताः,vowel
2.6.5,यानेव,यान् एव,consonant
2.6.4,नोजयेयुः,नः जयेयुः,visarga
2.6.3,यद्वा,यत् वा,consonant
2.6.2,कतरन्नोगरीयः,कतरत् नः गरीयः,consonant
2.6.1,चैतद्विद्मः,च एतत् विद्मः,consonant
2.7.7,मान्त्वाम्प्रपन्नम्,माम् त्वाम् प्रपन्नम्,consonant
2.7.6,शिष्यस्तेऽहंशाधि,शिष्यः ते अहम् शाधि,consonant
2.7.5,तन्मे,तत् मे,consonant
2.7.4,स्यान्निश्चितम्ब्रूहि,स्यात् निश्चितम् ब्रूहि,consonant
2.7.3,यच्छ्रेयः,यत् श्रेयः,consonant
2.7.2,त्वान्धर्मसंमूढचेताः,त्वाम् धर्मसंमूढचेताः,consonant
2.7.1,कार्पण्यदोषोपहतस्वभावः,कार्पण्यदोष उपहतस्वभावः,consonant
2.8.5,चाधिपत्यम्,च आधिपत्यम्,vowel
2.8.4,राज्यंसुराणामपि,राज्यम् सुराणाम् अपि,consonant
2.8.3,भूमावसपत्नमृद्धम्,भूमौ असपत्नम् ऋद्धम्,consonant
2.8.2,यच्छोकमुच्छोषणमिन्द्रियाणाम्,यत् शोकम् उत् शोषणम् इन्द्रियाणाम्,consonant
2.8.1,ममापनुद्यात्,मम अपनुद्यात्,vowel
2.9.7,तूष्णीम्बभूवह,तूष्णीम् बभूवह,consonant
2.9.6,गोविन्दमुक्त्वा,गोविन्दम् उक्त्वा,consonant
2.9.5,योत्स्यइति,योत्स्ये इति,vowel
2.9.4,परन्तप,परम् तप,consonant
2.9.3,हृषीकेशङ्गुडाकेशः,हृषीकेशम् गुडाकेशः,consonant
2.9.2,एवमुक्त्वा,एवम् उक्त्वा,consonant
2.9.1,सञ्जयउवाच,सञ्जयः उवाच,visarga
2.10.4,विषीदन्तमिदंवचः,विषीदन्तम् इदम् वचः,consonant
2.10.3,सेनयोरुभयोर्मध्ये,सेनयोः उभयोः मध्ये,visarga
2.10.2,प्रहसन्निव,प्रहसन् इव,consonant
2.10.1,तमुवाच,तम् उवाच,consonant
2.11.4,नानुशोचन्ति,न अनुशोचन्ति,vowel
2.11.3,गतासूनगतासूंश्च,गत आसून् अगत आसून् च,consonant
2.11.2,अशोच्यानन्वशोचस्त्वंप्रज्ञावादांश्च,अशोच्यान् अन्वशोचः त्वम् प्रज्ञावादान् च,consonant
2.11.1,श्रीभगवानुवाच,श्रीभगवान् उवाच,consonant
2.12.6,वयमतः,वयम् अतः,consonant
2.12.5,चैव,च एव,vowel
2.12.4,जनाधिपाः,जन अधिपाः,vowel
2.12.3,त्वंनेमे,त्वम् न इमे,consonant
2.12.2,नासंन,न आसम् न,consonant
2.12.1,त्वेवाहंजातु,तु एव अहम् जातु,consonant
2.13.4,धीरस्तत्र,धीरः तत्र,visarga
2.13.3,देहान्तरप्राप्तिः,देह अन्तर प्राप्तिः,consonant
2.13.2,कौमारंयौवनंजरा,कौमारम् यौवनम् जरा,consonant
2.13.1,देहिनोऽस्मिन्यथा,देहिनः अस्मिन् यथा,consonant
2.14.3,आगमापायिनोऽनित्यास्तांस्तितिक्षस्व,आगम आपायिनः अनित्याः तान् तितिक्षस्व,consonant
2.14.2,शीतोष्णसुखुदुःखदाः,शीत उष्णसुखुदुःखदाः,consonant
2.14.1,मात्रास्पर्शास्तु,मात्रास्पर्शाः तु,visarga
2.15.4,समदुःखसुखन्धीरंसोऽमृतत्वाय,समदुःखसुखम् धीरम् सः अमृतत्वाय,consonant
2.15.3,पुरुषम्पुरुषर्षभ,पुरुषम् पुरुष ऋषभ,consonant
2.15.2,व्यथयन्त्येते,व्यथयन्ति एते,vowel
2.15.1,यंहि,यम् हि,consonant
2.16.4,दृष्टोऽन्तस्त्वनयोस्तत्त्वदर्शिभिः,दृष्टः अन्तः तु अनयोः तत्त्वदर्शिभिः,consonant
2.16.3,उभयोरपि,उभयोः अपि,visarga
2.16.2,भावोनाभावोविद्यते,भावः न अभावः विद्यते,consonant
2.16.1,नासतोविद्यते,न असतः विद्यते,consonant
2.17.4,कश्चित्कर्तुमर्हति,कः चित् कर्तुम् अर्हति,consonant
2.17.3,विनाशमव्ययस्य,विनाशम् अव्ययस्य,consonant
2.17.2,सर्वमिदन्ततम्,सर्वम् इदम् ततम्,consonant
2.17.1,तद्विद्धि,तत् विद्धि,consonant
2.18.4,तस्माद्युध्यस्व,तस्मात् युध्यस्व,consonant
2.18.3,अनाशिनोऽप्रमेयस्य,अनाशिनः अप्रमेयस्य,visarga
2.18.2,देहानित्यस्योक्ताः,देहाः नित्यस्य उक्ताः,consonant
2.18.1,अन्तवन्तइमे,अन्तवन्तः इमे,consonant
2.19.3,विजानीतोनायंहन्ति,विजानीतः न अयम् हन्ति,consonant
2.19.2,हन्तारंयश्चैनम्,हन्तारम् यः च एनम्,consonant
2.19.1,यएनंवेत्ति,यः एनम् वेत्ति,consonant
2.20.3,शाश्वतोऽयंपुराणः,शाश्वतः अयम् पुराणः,consonant
2.20.2,अजोनित्यः,अजः नित्यः,visarga
2.20.1,नायम्,न अयम्,vowel
2.21.3,कङ्घातयति,कम् घातयति,consonant
2.21.2,कथंसपुरुषः,कथम् सः पुरुषः,consonant
2.21.1,वेदाविनाशिनन्नित्यंयएनमजमव्ययम्,वेद अविनाशिनम् नित्यम् यः एनम् अजम् अव्ययम्,consonant
2.22.1,नरोऽपराणि,नरः अपराणि,visarga
2.23.3,चैनंक्लेदयन्त्यापः,च एनम् क्लेदयन्ति आपः,consonant
2.23.2,नैनंदहति,न एनम् दहति,consonant
2.23.1,नैनंछिन्दन्ति,न एनम् छिन्दन्ति,consonant
2.24.2,स्थाणुरचलोऽयंसनातनः,स्थाणुः अचलः अयम् सनातनः,consonant
2.24.1,अच्छेद्योऽयमदाह्योऽयमक्लेद्योऽशोष्यएव,अच्छेद्यः अयम् अदाह्यः अयम् अक्लेद्यः अशोष्यः एव,consonant
2.25.2,तस्मादेवंविदित्वैनंनानुशोचितुमर्हसि,तस्मात् एवम् विदित्वा एनम् न अनुशोचितुम् अर्हसि,consonant
2.25.1,अव्यक्तोऽयमचिन्त्योऽयमविकार्योऽयमुच्यते,अव्यक्तः अयम् अचिन्त्यः अयम् अविकार्यः अयम् उच्यते,consonant
2.26.3,त्वंमहाबाहोनैवंशोचितुमर्हसि,त्वम् महाबाहः न एवम् शोचितुम् अर्हसि,consonant
2.26.2,तथापि,तथा अपि,vowel
2.26.1,चैनन्नित्यजातन्नित्यंवा,च एनम् नित्यजातम् नित्यम् वा,consonant
2.27.3,त्वंशोचितुमर्हसि,त्वम् शोचितुम् अर्हसि,consonant
2.27.2,तस्मादपरिहार्येऽर्थे,तस्मात् अपरिहार्ये अर्थे,consonant
2.27.1,ध्रुवोमृत्युर्ध्रुवञ्जन्म,ध्रुवः मृत्युः ध्रुवम् जन्म,consonant
2.28.2,अव्यक्तनिधनान्येव,अव्यक्तनिधनानि एव,consonant
2.28.1,अव्यक्तादीनि,अव्यक्त आदीनि,vowel
2.29.8,कश्चित्,कः चित्,visarga
2.29.7,चैव,च एव,vowel
2.29.6,श्रुत्वाप्येनंवेद,श्रुत्वा अपि एनम् वेद,consonant
2.29.5,आश्चर्यवच्चैनमन्यः,आश्चर्यवत् च एनम् अन्यः,consonant
2.29.4,चान्यः,च अन्यः,vowel
2.29.3,तथैव,तथा एव,vowel
2.29.2,कश्चिदेनमाश्चर्यवद्वदति,कः चित् एनम् आश्चर्यवत् वदति,consonant
2.29.1,आश्चर्यवत्पश्यति,आश्चर्यवत् पश्यति,consonant
2.30.3,त्वंशोचितुमर्हसि,त्वम् शोचितुम् अर्हसि,consonant
2.30.2,तस्मात्सर्वाणि,तस्मात् सर्वाणि,consonant
2.30.1,नित्यमवध्योऽयन्देहे,नित्यम् अवध्यः अयम् देहे,consonant
2.31.4,युद्धाच्छ्रेयोऽन्यत्क्षत्रियस्य,युद्धात् श्रेयः अन्यत् क्षत्रियस्य,consonant
2.31.3,धर्म्याद्धि,धर्म्यात् हि,consonant
2.31.3,विकम्पितुमर्हसि,विकम्पितुम् अर्हसि,consonant
2.31.2,चावेक्ष्य,च अवेक्ष्य,vowel
2.31.1,स्वधर्ममपि,स्वधर्मम् अपि,consonant
2.32.3,युद्धमीदृशम्,युद्धम् ईदृशम्,consonant
2.32.2,चोपपन्नंस्वर्गद्वारमपावृतम्,च उपपन्नम् स्वर्गद्वारम् अप आवृतम्,consonant
2.32.1,यदृच्छया,यत् ऋच्छया,consonant
2.33.3,पापमवाप्स्यसि,पापम् अवाप्स्यसि,consonant
2.33.2,स्वधर्मङ्कीर्तिञ्च,स्वधर्मम् कीर्तिम् च,consonant
2.33.1,चेत्त्वमिमन्धर्म्यंसङ्ग्रामन्न,चेत् त्वम् इमम् धर्म्यम् सम् ग्रामम् न,consonant
2.34.3,चाकीर्तिर्मरणादतिरिच्यते,च अकीर्तिः मरणात् अतिरिच्यते,consonant
2.34.2,तेऽव्ययाम्,ते अव्ययाम्,vowel
2.34.1,अकीर्तिञ्चापि,अकीर्तिम् च अपि,consonant
2.35.4,त्वंबहुमतोभूत्वा,त्वम् बहुमतः भूत्वा,consonant
2.35.3,येषाञ्च,येषाम् च,consonant
2.35.2,त्वांमहारथाः,त्वाम् महारथाः,consonant
2.35.1,भयाद्रणादुपरतम्मंस्यन्ते,भयात् रणात् उपरतम् मंस्यन्ते,consonant
2.36.5,सामर्थ्यन्ततोदुःखतरन्नु,सामर्थ्यम् ततः दुःखतरम् नु,consonant
2.36.4,निन्दन्तस्तव,निन्दन्तः तव,visarga
2.36.3,तवाहिताः,तव अहिताः,vowel
2.36.2,बहून्वदिष्यन्ति,बहून् वदिष्यन्ति,consonant
2.36.1,अवाच्यवादांश्च,अवाच्यवादान् च,consonant
2.37.3,तस्मादुत्तिष्ठ,तस्मात् उत्तिष्ठ,consonant
2.37.2,स्वर्गञ्जित्वा,स्वर्गम् जित्वा,consonant
2.37.1,हतोवा,हतः वा,visarga
2.38.4,नैवंपापमवाप्स्यसि,न एवम् पापम् अवाप्स्यसि,consonant
2.38.3,ततोयुद्धाय,ततः युद्धाय,visarga
2.38.2,जयाजयौ,जय अजयौ,vowel
2.38.1,लाभालाभौ,लाभ अलाभौ,vowel
2.39.4,कर्मबन्धंप्रहास्यसि,कर्मबन्धम् प्रहास्यसि,consonant
2.39.3,युक्तोयया,युक्तः यया,visarga
2.39.2,त्विमांश्रृणु,तु इमाम् श्रृणु,consonant
2.39.1,बुद्धिर्योगे,बुद्धिः योगे,visarga
2.40.4,महतोभयात्,महतः भयात्,visarga
2.40.3,स्वल्पमप्यस्य,स्वल्पम् अपि अस्य,consonant
2.40.2,प्रत्यवायोन,प्रत्यवायः न,visarga
2.40.1,नेहाभिक्रमनाशोऽस्ति,न इह अभिक्रमनाशः अस्ति,consonant
2.41.4,बुद्धयोऽव्यवसायिनाम्,बुद्धयः अव्यवसायिनाम्,visarga
2.41.3,ह्यनन्ताश्च,हि अनन्ताः च,consonant
2.41.2,बुद्धिरेकेह,बुद्धिः एक इह,consonant
2.41.1,व्यवसायात्मिका,व्यवसाय आत्मिका,vowel
2.42.2,नान्यदस्तीति,न अन्यत् अस्ति इति,consonant
2.42.1,यामिमाम्पुष्पितांवाचम्प्रवदन्त्यविपश्चितः,याम् इमाम् पुष्पिताम् वाचम् प्रवदन्ति अविपश्चितः,consonant
2.43.2,क्रियाविशेषबहुलाम्भोगैश्वर्यगतिम्प्रति,क्रियाविशेषबहुलाम् भोग ऐश्वर्यगतिम् प्रति,consonant
2.43.1,कामात्मानः,काम आत्मानः,vowel
2.44.2,व्यवसायात्मिका,व्यवसाय आत्मिका,vowel
2.44.1,भोगैश्वर्यप्रसक्तानान्तयापहृतचेतसाम्,भोग ऐश्वर्यप्रसक्तानाम् तया अपहृतचेतसाम्,consonant
2.45.2,निर्द्वन्द्वोनित्यसत्त्वस्थोनिर्योगेक्षेम,निः द्वन्द्वः नित्यसत्त्वस्थः निः योगे क्षेम,consonant
2.45.1,वेदानिस्त्रैगुण्योभवार्जुन,वेदाः निः त्रैगुण्यः भव अर्जुन,consonant
2.46.3,तावान्सर्वेषु,तावान् सर्वेषु,consonant
2.46.2,सम्प्लुतोदके,सम् प्लुत उदके,consonant
2.46.1,यावानर्थ,यावान् अर्थ,consonant
2.47.3,सङ्गोऽस्त्वकर्मणि,सङ्गः अस्तु अकर्मणि,consonant
2.47.2,कर्मफलहेतुर्भूर्मा,कर्मफलहेतुः भूः मा,consonant
2.47.1,कर्मण्येवाधिकारस्ते,कर्मणि एव अधिकारः ते,consonant
2.48.5,समत्वंयोगउच्यते,समत्वम् योगः उच्यते,consonant
2.48.4,समोभूत्वा,समः भूत्वा,visarga
2.48.3,सिद्ध्यसिद्ध्योः,सिद्धि असिद्ध्योः,vowel
2.48.2,धनञ्जय,धनम् जय,consonant
2.48.1,सङ्गंत्यक्त्वा,सङ्गम् त्यक्त्वा,consonant
2.49.3,शरणमन्विच्छ,शरणम् अनु इच्छ,consonant
2.49.2,बुद्धियोगाद्धनञ्जय,बुद्धियोगात् धनम् जय,consonant
2.49.1,ह्यवरंकर्म,हि अवरम् कर्म,consonant
2.50.2,तस्माद्योगाय,तस्मात् योगाय,consonant
2.50.1,बुद्धियुक्तोजहातीह,बुद्धियुक्तः जहाति इह,consonant
2.51.4,पदङ्गच्छन्त्यनामयम्,पदम् गच्छन्ति अन् आमयम्,consonant
2.51.3,जन्मबन्धविनिर्मुक्ताः,जन्मबन्ध विनिर्मुक्ताः,consonant
2.51.2,फलंत्यक्त्वा,फलम् त्यक्त्वा,consonant
2.51.1,कर्मजम्बुद्धियुक्ताहि,कर्मजम् बुद्धियुक्ताः हि,consonant
2.52.3,निर्वेदंश्रोतव्यस्य,निः वेदम् श्रोतव्यस्य,consonant
2.52.2,गन्तासि,गन्तासि,consonant
2.52.1,मोहकलिलंबुद्धिर्व्यतितरिष्यति,मोहकलिलम् बुद्धिः वि अतितरिष्यति,consonant
2.53.4,योगमवाप्स्यसि,योगम् अवाप्स्यसि,consonant
2.53.3,बुद्धिस्तदा,बुद्धिः तदा,visarga
2.53.2,समाधावचला,समाधौ अचला,vowel
2.53.1,निश्चला,निः चला,visarga
2.54.3,किमासीत,किम् आसीत,consonant
2.54.2,किम्प्रभाषेत,किम् प्रभाषेत,consonant
2.54.1,अर्जुनउवाच,अर्जुनः उवाच,visarga
2.55.5,स्थितप्रज्ञस्तदोच्यते,स्थितप्रज्ञः तदा उच्यते,consonant
2.55.4,आत्मन्येवात्मना,आत्मनि एव आत्मना,vowel
2.55.2,कामान्सर्वान्पार्थ,कामान् सर्वान् पार्थ,consonant
2.55.1,श्रीभगवानुवाच,श्रीभगवान् उवाच,consonant
2.56.2,स्थितधीर्मुनिरुच्यते,स्थितधीः मुनिः उच्यते,consonant
2.56.1,दुःखेष्वनुद्विग्नमनाः,दुःखेषु अनुद्विग्नमनाः,consonant
2.57.4,प्रतिष्ठिता,प्रति स्थिता,consonant
2.57.3,नाभिनन्दति,न अभिनन्दति,vowel
2.57.2,शुभाशुभम्,शुभ अशुभम्,vowel
2.57.1,सर्वत्रानभिस्नेहस्तत्तत्प्राप्य,सर्वत्र अनभिस्नेहः तत् तत् प्राप्य,consonant
2.58.3,प्रतिष्ठिता,प्रति स्थिता,consonant
2.58.2,इन्द्रियाणीन्द्रियार्थेभ्यस्तस्य,इन्द्रियाणि इन्द्रिय अर्थेभ्यः तस्य,consonant
2.58.1,चायंकूर्मोऽङ्गानीव,च अयम् कूर्मः अङ्गानि इव,consonant
2.59.3,परन्दृष्ट्वा,परम् दृष्ट्वा,consonant
2.59.2,रसोऽप्यस्य,रसः अपि अस्य,consonant
2.59.1,निराहारस्य,निः आहारस्य,visarga
2.60.2,प्रसभंमनः,प्रसभम् मनः,consonant
2.60.1,यततोह्यपि,यततः हि अपि,consonant
2.61.3,प्रतिष्ठिता,प्रति स्थिता,consonant
2.61.2,यस्येन्द्रियाणि,यस्य इन्द्रियाणि,vowel
2.61.1,मत्परः,मत् परः,consonant
2.62.4,कामात्क्रोधोऽभिजायते,कामात् क्रोधः अभिजायते,consonant
2.62.3,सङ्गात्सञ्जायते,सङ्गात् सञ्जायते,consonant
2.62.2,सङ्गस्तेषूपजायते,सङ्गः तेषु उपजायते,consonant
2.62.1,ध्यायतोविषयान्पुंसः,ध्यायतः विषयान् पुंसः,consonant
2.63.3,स्मृतिभ्रंशाद्बुद्धिनाशोबुद्धिनाशात्प्रणश्यति,स्मृतिभ्रंशात् बुद्धिनाशः बुद्धिनाशात् प्रणश्यति,consonant
2.63.2,सम्मोहात्स्मृतिविभ्रमः,सम्मोहात् स्मृतिविभ्रमः,consonant
2.63.1,क्रोधाद्भवति,क्रोधात् भवति,consonant
2.64.4,प्रसादमधिगच्छति,प्रसादम् अधिगच्छति,consonant
2.64.3,आत्मवश्यैर्विधेयात्मा,आत्मवश्यैः विधेय आत्मा,consonant
2.64.2,विषयानिन्द्रियैश्चरन्,विषयान् इन्द्रियैः चरन्,consonant
2.64.1,रागद्वेषवियुक्तैस्तु,रागद्वेषवियुक्तैः तु,consonant
2.65.3,पर्यवतिष्ठते,परि अवतिष्ठते,vowel
2.65.2,प्रसन्नचेतसोह्याशु,प्रसन्नचेतसः हि आशु,consonant
2.65.1,सर्वदुःखानांहानिरस्योपजायते,सर्वदुःखानाम् हानिः अस्य उपजायते,consonant
2.66.5,शान्तिरशान्तस्य,शान्तिः अशान्तस्य,visarga
2.66.4,चाभावयतः,च अभावयतः,vowel
2.66.3,चायुक्तस्य,च अयुक्तस्य,vowel
2.66.2,बुद्धिरयुक्तस्य,बुद्धिः अयुक्तस्य,visarga
2.66.1,नास्ति,न अस्ति,vowel
2.67.4,प्रज्ञांवायुर्नावमिवाम्भसि,प्रज्ञाम् वायुः नावम् इव अम्भसि,consonant
2.67.3,तदस्य,तत् अस्य,consonant
2.67.2,चरतांयन्मनोऽनुविधीयते,चरताम् यत् मनः अनुविधीयते,consonant
2.67.1,इन्द्रियाणांहि,इन्द्रियाणाम् हि,consonant
2.68.4,प्रतिष्ठिता,प्रति स्थिता,consonant
2.68.3,इन्द्रियाणीन्द्रियार्थेभ्यस्तस्य,इन्द्रियाणि इन्द्रिय अर्थेभ्यः तस्य,consonant
2.68.2,महाबाहोनिगृहीतानि,महाबाहः निगृहीतानि,consonant
2.68.1,तस्माद्यस्य,तस्मात् यस्य,consonant
2.69.3,पश्यतोमुनेः,पश्यतः मुनेः,visarga
2.69.2,यस्याञ्जाग्रति,यस्याम् जाग्रति,consonant
2.69.1,सर्वभूतानान्तस्याञ्जागर्ति,सर्वभूतानाम् तस्याम् जागर्ति,consonant
2.70.6,सशान्तिमाप्नोति,सः शान्तिम् आप्नोति,consonant
2.70.5,यम्प्रविशन्ति,यम् प्रविशन्ति,consonant
2.70.4,तद्वत्कामा,तत् वत् कामा,consonant
2.70.3,यद्वत्,यत् वत्,consonant
2.70.2,समुद्रमापः,समुद्रम् आपः,consonant
2.70.1,आपूर्यमाणमचलप्रतिष्ठम्,आपूर्यमाणम् अचलप्रतिष्ठम्,consonant
2.71.5,सशान्तिमधिगच्छति,सः शान्तिम् अधिगच्छति,consonant
2.71.4,निर्ममोनिरहङ्कारः,निः ममः निः अहङ्कारः,visarga
2.71.3,निस्स्पृहः,निः स्पृहः,visarga
2.71.2,पुमांश्चरति,पुमान् चरति,consonant
2.71.1,कामान्यः,कामान् यः,consonant
2.72.3,ब्रह्मनिर्वाणमृच्छति,ब्रह्मनिर्वाणम् ऋच्छति,consonant
2.72.2,स्थित्वास्यामन्तकालेऽपि,स्थित्वा अस्याम् अन्तकाले अपि,consonant
2.72.1,नैनांप्राप्य,न एनाम् प्राप्य,consonant
2.73.3,द्वितीयोऽध्यायः,द्वितीयः अध्यायः,visarga
2.73.2,श्रीकृष्णार्जुनसंवादे,श्रीकृष्ण अर्जुनसंवादे,consonant
2.73.1,श्रीमद्भगवद्गीतासु,श्रीमत् भगवत् गीतासु,consonant
2,द्वितीयोऽध्यायः,द्वितीयः अध्यायः,visarga
3.1.4,मांनियोजयसि,माम् नियोजयसि,consonant
3.1.3,बुद्धिर्जनार्दन,बुद्धिः जन अर्दन,consonant
3.1.2,कर्मणस्ते,कर्मणः ते,visarga
3.1.1,अर्जुनउवाच,अर्जुनः उवाच,visarga
3.2.4,श्रेयोऽहमाप्नुयाम्,श्रेयः अहम् आप्नुयाम्,consonant
3.2.3,तदेकंवद,तत् एकम् वद,consonant
3.2.2,बुद्धिम्मोहयसीव,बुद्धिम् मोहयसि इव,consonant
3.2.1,व्यामिश्रेणेव,व्यामिश्रेण इव,vowel
3.3.4,साङ्ख्यानांकर्मयोगेन,साङ्ख्यानाम् कर्मयोगेन,consonant
3.3.3,मयानघ,मया अनघ,vowel
3.3.2,लोकेऽस्मिन्,लोके अस्मिन्,vowel
3.3.1,श्रीभगवानुवाच,श्रीभगवान् उवाच,consonant
3.4.3,सिद्धिंसमधिगच्छति,सिद्धिम् समधिगच्छति,consonant
3.4.2,सन्न्यसनादेव,सन्न्यसनात् एव,consonant
3.4.1,कर्मणामनारम्भान्नैष्कर्म्यंपुरुषोऽश्नुते,कर्मणाम् अनारम्भात् नैष्कर्म्यम् पुरुषः अश्नुते,consonant
3.5.4,प्रकृतिजैर्गुणैः,प्रकृतिजैः गुणैः,visarga
3.5.3,ह्यवशः,हि अवशः,vowel
3.5.2,तिष्ठत्यकर्मकृत्,तिष्ठति अकर्मकृत्,vowel
3.5.1,कश्चित्क्षणमपि,कः चित् क्षणम् अपि,consonant
3.6.5,सउच्यते,सः उच्यते,visarga
3.6.4,मिथ्याचारः,मिथ्या आचारः,vowel
3.6.3,इन्द्रियार्थान्विमूढात्मा,इन्द्रियार्थान् विमूढात्मा,consonant
3.6.2,यआस्ते,यः आस्ते,visarga
3.6.1,कर्मेन्द्रियाणि,कर्म इन्द्रियाणि,vowel
3.7.4,सविशिष्यते,सः विशिष्यते,visarga
3.7.3,कर्मयोगमसक्तः,कर्मयोगम् असक्तः,consonant
3.7.2,नियम्यारभतेऽर्जुन,नियम्य आरभते अर्जुन,vowel
3.7.1,यस्त्विन्द्रियाणि,यः तु इन्द्रियाणि,consonant
3.8.5,प्रसिद्ध्येदकर्मणः,प्रसिद्ध्येत् अकर्मणः,consonant
3.8.4,शरीरयात्रापि,शरीरयात्रा अपि,consonant
3.8.3,ज्यायोह्यकर्मणः,ज्यायः हि अकर्मणः,consonant
3.8.2,त्वंकर्म,त्वम् कर्म,consonant
3.8.1,नियतङ्कुरु,नियतम् कुरु,consonant
3.9.4,समाचर,सम् आचर,consonant
3.9.3,तदर्थङ्कर्म,तत् अर्थम् कर्म,consonant
3.9.2,लोकोऽयंकर्मबन्धनः,लोकः अयम् कर्मबन्धनः,consonant
3.9.1,यज्ञार्थात्कर्मणोऽन्यत्र,यज्ञ अर्थात् कर्मणः अन्यत्र,consonant
3.10.3,वोऽस्त्विष्टकामधुक्,वः अस्तु इष्टकामधुक्,consonant
3.10.2,प्रसविष्यध्वमेषः,प्रसविष्यध्वम् एषः,consonant
3.10.1,पुरोवाच,पुरा उवाच,vowel
3.11.4,परमवाप्स्यथ,परम् अव आप्स्यथ,consonant
3.11.3,परस्परम्भावयन्तः,परः परम् भावयन्तः,consonant
3.11.2,देवाभावयन्तु,देवाः भावयन्तु,visarga
3.11.1,देवान्भावयतानेन,देवान् भावयत अनेन,consonant
3.12.3,तैर्दत्तानप्रदायैभ्योयोभुङ्क्ते,तैः दत्तान् अप्रदाय एभ्यः यः भुङ्क्ते,consonant
3.12.2,वोदेवादास्यन्ते,वः देवाः दास्यन्ते,visarga
3.12.1,इष्टान्भोगान्हि,इष्टान् भोगान् हि,consonant
3.13.3,पचन्त्यात्मकारणात्,पचन्ति आत्मकारणात्,consonant
3.13.2,त्वघंपापाये,तु अघम् पापा ये,consonant
3.13.1,सन्तोमुच्यन्ते,सन्तः मुच्यन्ते,visarga
3.14.5,कर्मसमुद्भवः,कर्मसम् उद्भवः,consonant
3.14.4,पर्जन्योयज्ञः,पर्जन्यः यज्ञः,visarga
3.14.3,यज्ञाद्भवति,यज्ञात् भवति,consonant
3.14.2,पर्जन्यादन्नसम्भवः,पर्जन्यात् अन्नसम्भवः,consonant
3.14.1,अन्नाद्भवन्ति,अन्नात् भवन्ति,consonant
3.15.5,प्रतिष्ठितम्,प्रति स्थितम्,consonant
3.15.4,नित्यंयज्ञे,नित्यम् यज्ञे,consonant
3.15.3,तस्मात्सर्वगतम्ब्रह्म,तस्मात् सर्वगतम् ब्रह्म,consonant
3.15.2,ब्रह्माक्षरसमुद्भवम्,ब्रह्म अक्षर सम् उद्भवम्,consonant
3.15.1,ब्रह्मोद्भवम्,ब्रह्म उद्भवम्,vowel
3.16.3,सजीवति,सः जीवति,visarga
3.16.2,अघायुरिन्द्रियारामोमोघम्पार्थ,अघायुः इन्द्रिय आरामः मोघम् पार्थ,consonant
3.16.1,एवम्प्रवर्तितञ्चक्रंनानुवर्तयतीह,एवम् प्रवर्तितम् चक्रम् न अनुवर्तयती इह,consonant
3.17.5,कार्यन्न,कार्यम् न,consonant
3.17.4,सन्तुष्टस्तस्य,सन्तुष्टः तस्य,visarga
3.17.3,आत्मन्येव,आत्मनि एव,vowel
3.17.2,स्यादात्मतृप्तश्च,स्यात् आत्मतृप्तः च,consonant
3.17.1,यस्त्वात्मरतिरेव,यः तु आत्मरतिः एव,consonant
3.18.5,कश्चिदर्थव्यपाश्रयः,कः चित् अर्थव्यप आश्रयः,consonant
3.18.4,चास्य,च अस्य,vowel
3.18.3,कश्चन,कः चन,visarga
3.18.2,कृतेनार्थोनाकृतेनेह,कृतेन अर्थः न अकृतेन इह,consonant
3.18.1,नैव,न एव,vowel
3.19.5,परमाप्नोति,परम आप्नोति,vowel
3.19.3,समाचर,सम् आचर,consonant
3.19.2,सततङ्कार्यङ्कर्म,सततम् कार्यम् कर्म,consonant
3.19.1,तस्मादसक्तः,तस्मात् असक्तः,consonant
3.19..4,असक्तोह्याचरन्कर्म,असक्तः हि आचरन् कर्म,consonant
3.20.5,सम्पश्यन्कर्तुमर्हसि,सम्पश्यन् कर्तुम् अर्हसि,consonant
3.20.4,लोकसङ्ग्रहमेवापि,लोकसम् ग्रहम् एव अपि,consonant
3.20.3,जनकादयः,जनक आदयः,vowel
3.20.2,संसिद्धिमास्थिता,सम् सिद्धिम् आस्थिता,consonant
3.20.1,कर्मणैव,कर्मणा एव,vowel
3.21.4,लोकस्तदनुवर्तते,लोकः तत् अनुवर्तते,consonant
3.21.3,सयत्प्रमाणङ्कुरुते,सः यत् प्रमाणम् कुरुते,consonant
3.21.2,श्रेष्ठस्तत्तदेवेतरोजनः,श्रेष्ठः तत् तत् एव इतरः जनः,consonant
3.21.1,यद्यदाचरति,यत् यत् आचरति,consonant
3.22.4,नानवाप्तमवाप्तव्यंवर्तएव,न अन् अवाप्तम् अवाप्तव्यम् वर्तः एव,consonant
3.22.3,किञ्चन,किम् चन,consonant
3.22.2,कर्तव्यन्त्रिषु,कर्तव्यम् त्रिषु,consonant
3.22.1,पार्थास्ति,पार्थ अस्ति,vowel
3.23.4,वर्त्मानुवर्तन्ते,वर्त्म अनुवर्तन्ते,vowel
3.23.3,कर्मण्यतन्द्रितः,कर्मणि अतन्द्रितः,vowel
3.23.2,वर्तेयंजातु,वर्तेयम् जातु,consonant
3.23.1,ह्यहंन,हि अहम् न,consonant
3.24.5,स्यामुपहन्यामिमाः,स्याम् उपहन्याम् इमाः,consonant
3.24.4,चेदहम्,चेत् अहम्,consonant
3.24.3,कुर्याङ्कर्म,कुर्याम् कर्म,consonant
3.24.2,लोकान,लोकाः न,visarga
3.24.1,उत्सीदेयुरिमे,उत्सीदेयुः इमे,visarga
3.25.2,कुर्याद्विद्वांस्तथासक्तश्चिकीर्षुर्लोकसङ्ग्रहम्,कुर्यात् विद्वान् तथा असक्तः चिकीर्षुः लोकसङ्ग्रहम्,consonant
3.25.1,कर्मण्यविद्वांसोयथा,कर्मणि अविद्वांसः यथा,consonant
3.26.4,समाचरन्,सम् आचरन्,consonant
3.26.3,विद्वान्युक्तः,विद्वान् युक्तः,consonant
3.26.2,जोषयेत्सर्वकर्माणि,जोषयेत् सर्वकर्माणि,consonant
3.26.1,बुद्धिभेदञ्जनयेदज्ञानाङ्कर्मसङ्गिनाम्,बुद्धिभेदम् जनयेत् अज्ञानाम् कर्मसङ्गिनाम्,consonant
3.27.2,कर्ताहमिति,कर्ता अहम् इति,consonant
3.27.1,अहङ्कारविमूढात्मा,अहङ्कारविमूढ आत्मा,consonant
3.28.3,गुणागुणेषु,गुणाः गुणेषु,visarga
3.28.2,महाबाहोगुणकर्मविभागयोः,महाबाहः गुणकर्मविभागयोः,consonant
3.28.1,तत्त्ववित्तु,तत्त्वविद् तु,consonant
3.29.2,तानकृत्स्नविदोमन्दान्कृत्स्नविन्न,तान् अकृत्स्नविदः मन्दान् कृत्स्नविद् न,consonant
3.29.1,प्रकृतेर्गुणसम्मूढाः,प्रकृतेः गुणसम्मूढाः,consonant
3.30.2,निराशीर्निर्ममोभूत्वा,निराशीः निर्ममः भूत्वा,visarga
3.30.1,सन्न्यस्याध्यात्मचेतसा,सन्न्यस्य अध्यात्मचेतसा,consonant
3.31.3,तेऽपि,ते अपि,vowel
3.31.2,श्रद्धावन्तोऽनसूयन्तोमुच्यन्ते,श्रद्धावन्तः अन् असूयन्तः मुच्यन्ते,consonant
3.31.1,मतमिदन्नित्यमनुतिष्ठन्ति,मतम् इदम् नित्यम् अनुतिष्ठन्ति,consonant
3.32.3,नष्टानचेतसः,नष्टान् अचेतसः,consonant
3.32.2,सर्वज्ञानविमूढांस्तान्,सर्वज्ञानविमूढान् तान्,consonant
3.32.1,त्वेतदभ्यसूयन्तोनानुतिष्ठन्ति,तु एतत् अभि असूयन्तः न अनुतिष्ठन्ति,consonant
3.33.4,किङ्करिष्यति,किम् करिष्यति,consonant
3.33.3,प्रकृतिंयान्ति,प्रकृतिम् यान्ति,consonant
3.33.2,प्रकृतेर्ज्ञानवानपि,प्रकृतेः ज्ञानवान् अपि,consonant
3.33.1,सदृशञ्चेष्टते,सदृशम् चेष्टते,consonant
3.34.4,ह्यस्य,हि अस्य,vowel
3.34.3,वशमागच्छेत्तौ,वशम् आगच्छेत् तौ,consonant
3.34.2,तयोर्न,तयोः न,visarga
3.34.1,इन्द्रियस्येन्द्रियस्यार्थे,इन्द्रियस्य इन्द्रियस्य अर्थे,vowel
3.35.4,परधर्मोभयावहः,परधर्मः भय आवहः,consonant
3.35.3,निधनंश्रेयः,निधनम् श्रेयः,consonant
3.35.2,परधर्मात्स्वनुष्ठितात्,परधर्मात् सु अनुष्ठितात्,consonant
3.35.1,श्रेयान्स्वधर्मोविगुणः,श्रेयान् स्वधर्मः विगुणः,consonant
3.36.4,बलादिव,बलात् इव,consonant
3.36.3,अनिच्छन्नपि,अन् इच्छन् अपि,consonant
3.36.2,प्रयुक्तोऽयंपापञ्चरति,प्रयुक्तः अयम् पापम् चरति,consonant
3.36.1,अर्जुनउवाच,अर्जुनः उवाच,visarga
3.37.4,विद्ध्येनमिह,विद्धि एनम् इह,consonant
3.37.3,महाशनोमहापाप्मा,महा अशनः महापाप्मा,consonant
3.37.2,कामएषक्रोधएषरजोगुणसमुद्भवः,कामः एषः क्रोधः एषः रजः गुणसम् उद्भवः,consonant
3.37.1,श्रीभगवानुवाच,श्रीभगवान् उवाच,consonant
3.38.4,तेनेदमावृतम्,तेन इदम् आवृतम्,consonant
3.38.3,यथोल्बेनावृतोगर्भः,यथा उल्बेन आवृतः गर्भः,consonant
3.38.2,वह्निर्यथादर्शोमलेन,वह्निः यथा आदर्शः मलेन,consonant
3.38.1,धूमेनाव्रियते,धूमेन आव्रियते,vowel
3.39.3,दुष्पूरेणानलेन,दुष्पूरेण अनलेन,vowel
3.39.2,ज्ञानिनोनित्यवैरिणा,ज्ञानिनः नित्यवैरिणा,consonant
3.39.1,आवृतञ्ज्ञानमेतेन,आवृतम् ज्ञानम् एतेन,consonant
3.40.2,एतैर्विमोहयत्येषज्ञानमावृत्य,एतैः विमोहयति एषः ज्ञानम् आवृत्य,consonant
3.40.1,मनोबुद्धिरस्याधिष्ठानमुच्यते,मनः बुद्धिः अस्य अधिष्ठानम् उच्यते,consonant
3.41.4,ह्येनम्,हि एनम्,vowel
3.41.3,पाप्मानम्प्रजहि,पाप्मानम् प्रजहि,consonant
3.41.2,भरतर्षभ,भरत ऋषभ,vowel
3.41.1,तस्मात्त्वमिन्द्रियाण्यादौ,तस्मात् त्वम् इन्द्रियाणि आदौ,consonant
3.42.5,परतस्तु,परतः तु,visarga
3.42.4,बुद्धिर्योबुद्धेः,बुद्धिः यः बुद्धेः,visarga
3.42.3,मनसस्तु,मनसः तु,visarga
3.42.2,परंमनः,परम् मनः,consonant
3.42.1,पराण्याहुरिन्द्रियेभ्यः,पराणि आहुः इन्द्रियेभ्यः,consonant
3.43.4,शत्रुम्महाबाहोकामरूपन्दुरासदम्,शत्रुम् महाबाहः कामरूपम् दुः आसदम्,consonant
3.43.3,संस्तभ्यात्मानमात्मना,संस्तभ्य आत्मानम् आत्मना,consonant
3.43.2,परंबुद्ध्वा,परम् बुद्ध्वा,consonant
3.43.1,एवंबुद्धेः,एवम् बुद्धेः,consonant
3.44.5,तृतीयोऽध्यायः,तृतीयः अध्यायः,visarga
3.44.4,कर्मयोगोनाम,कर्मयोगः नाम,consonant
3.44.3,श्रीकृष्णार्जुनसंवादे,श्रीकृष्ण अर्जुनसंवादे,consonant
3.44.2,ब्रह्मविद्यायांयोगशास्त्रे,ब्रह्मविद्यायाम् योगशास्त्रे,consonant
3.44.1,श्रीमद्भगवद्गीतासु,श्रीमत् भगवत् गीतासु,consonant
3,तृतीयोऽध्यायः,तृतीयः अध्यायः,visarga
4.1.5,मनुरिक्ष्वाकवेऽब्रवीत्,मनुः इक्ष्वाकवे अब्रवीत्,visarga
4.1.4,विवस्वान्मनवे,विवस्वान् मनवे,consonant
4.1.3,योगम्प्रोक्तवानहमव्ययम्,योगम् प्र उक्तवान् अहम् अव्ययम्,consonant
4.1.2,इमंविवस्वते,इमम् विवस्वते,consonant
4.1.1,श्रीभगवानुवाच,श्रीभगवान् उवाच,consonant
4.2.4,परन्तप,परम् तप,consonant
4.2.3,योगोनष्टः,योगः नष्टः,visarga
4.2.2,सकालेनेह,सः कालेन इह,consonant
4.2.1,एवम्परम्पराप्राप्तमिमंराजर्षयोविदुः,एवम् परम्पराप्राप्तम् इमम् राजा ऋषयः विदुः,consonant
4.3.4,रहस्यंह्येतदुत्तमम्,रहस्यम् हि एतत् उत्तमम्,consonant
4.3.3,चेति,च इति,vowel
4.3.2,तेऽद्य,ते अद्य,vowel
4.3.1,सएवायंमया,सः एव अयम् मया,consonant
4.4.5,प्रोक्तवानिति,प्र उक्तवान् इति,consonant
4.4.4,कथमेतद्विजानीयान्त्वमादौ,कथम् एतत् विजानीयाम् त्वम् आदौ,consonant
4.4.3,परञ्जन्म,परम् जन्म,consonant
4.4.2,अपरम्भवतोजन्म,अपरम् भवतः जन्म,consonant
4.5.5,परन्तप,परम् तप,consonant
4.5.4,त्वंवेत्थ,त्वम् वेत्थ,consonant
4.5.3,तान्यहंवेद,तानि अहम् वेद,consonant
4.5.2,चार्जुन,च अर्जुन,vowel
4.5.1,श्रीभगवानुवाच,श्रीभगवान् उवाच,consonant
4.6.5,सम्भवाम्यात्ममायया,सम्भवामि आत्ममायया,consonant
4.6.4,प्रकृतिंस्वामधिष्ठाय,प्रकृतिम् स्वाम् अधिष्ठाय,consonant
4.6.3,भूतानामीश्वरोऽपि,भूतानाम् ईश्वरः अपि,consonant
4.6.2,सन्नव्ययात्मा,सन् अव्यय आत्मा,consonant
4.6.1,अजोऽपि,अजः अपि,visarga
4.7.3,तदात्मानंसृजाम्यहम्,तदा आत्मानम् सृजामि अहम्,consonant
4.7.2,अभ्युत्थानमधर्मस्य,अभि उत्थानम् अधर्मस्य,consonant
4.7.1,ग्लानिर्भवति,ग्लानिः भवति,visarga
4.8.3,धर्मसंस्थापनार्थाय,धर्मसंस्थापना अर्थाय,consonant
4.8.2,दुष्कृताम्,दुः कृताम्,visarga
4.8.1,साधूनांविनाशाय,साधूनाम् विनाशाय,consonant
4.9.5,सोऽर्जुन,सः अर्जुन,visarga
4.9.4,मामेति,माम् एति,consonant
4.9.3,नैति,न एति,vowel
4.9.2,देहम्पुनर्जन्म,देहम् पुनः जन्म,consonant
4.9.1,दिव्यमेवंयोवेत्ति,दिव्यम् एवम् यः वेत्ति,consonant
4.10.3,पूतामद्भावमागताः,पूताः मत् भावम् आगताः,consonant
4.10.2,बहवोज्ञानतपसा,बहवः ज्ञानतपसा,consonant
4.10.1,वीतरागभयक्रोधामन्मयामामुपाश्रिताः,वीतरागभयक्रोधाः मत् मयाः माम् उप् आश्रिताः,consonant
4.11.3,वर्त्मानुवर्तन्ते,वर्त्म अनुवर्तन्ते,vowel
4.11.2,तांस्तथैवभजाम्यहम्,तान् तथा एव भजामि अहम्,consonant
4.11.1,माम्प्रपद्यन्ते,माम् प्रपद्यन्ते,consonant
4.12.3,सिद्धिर्भवति,सिद्धिः भवति,visarga
4.12.2,क्षिप्रंहि,क्षिप्रम् हि,consonant
4.12.1,कर्मणांसिद्धिंयजन्तइह,कर्मणाम् सिद्धिम् यजन्ते इह,consonant
4.13.4,मांविद्ध्यकर्तारमव्ययम्,माम् विद्धि अकर्तारम् अव्ययम्,consonant
4.13.3,कर्तारमपि,कर्तारम् अपि,consonant
4.13.2,सृष्टङ्गुणकर्मविभागशः,सृष्टम् गुणकर्म विभागशः,consonant
4.13.1,चातुर्वर्ण्र्यम्मया,चातुर्वर्ण्र्यम् मया,consonant
4.14.4,सबध्यते,सः बध्यते,visarga
4.14.3,कर्मभिर्न,कर्मभिः न,visarga
4.14.2,मांयोऽभिजानाति,माम् यः अभिजानाति,consonant
4.14.1,माङ्कर्माणि,माम् कर्माणि,consonant
4.15.6,पूर्वतरङ्कृतम्,पूर्वतरम् कृतम्,consonant
4.15.5,तस्मात्त्वम्,तस्मात् त्वम्,consonant
4.15.4,कर्मैव,कर्म एव,vowel
4.15.3,पूर्वैरपि,पूर्वैः अपि,visarga
4.15.2,कृतङ्कर्म,कृतम् कर्म,consonant
4.15.1,एवञ्ज्ञात्वा,एवम् ज्ञात्वा,consonant
4.16.6,मोक्ष्यसेऽशुभात्,मोक्ष्यसे अशुभात्,vowel
4.16.5,यज्ज्ञात्वा,यत् ज्ञात्वा,consonant
4.16.4,तत्ते,तत् ते,consonant
4.16.3,कवयोऽप्यत्र,कवयः अपि अत्र,consonant
4.16.2,किमकर्मेति,किम् अकर्म इति,consonant
4.16.1,किङ्कर्म,किम् कर्म,consonant
4.17.5,कर्मणोगतिः,कर्मणः गतिः,visarga
4.17.4,बोद्धव्यङ्गहना,बोद्धव्यम् गहना,consonant
4.17.3,अकर्मणश्च,अकर्मणः च,visarga
4.17.2,बोद्धव्यम्बोद्धव्यञ्च,बोद्धव्यम् बोद्धव्यम् च,consonant
4.17.1,कर्मणोह्यपि,कर्मणः हि अपि,consonant
4.18.4,सयुक्तः,सः युक्तः,visarga
4.18.3,सबुद्धिमान्मनुष्येषु,सः बुद्धिमान् मनुष्येषु,consonant
4.18.2,पश्येदकर्मणि,पश्येत् अकर्मणि,consonant
4.18.1,कर्मण्यकर्म,कर्मणि अकर्म,vowel
4.19.4,पण्डितम्बुधाः,पण्डितम् बुधाः,consonant
4.19.3,ज्ञानाग्निदग्धकर्माणन्तमाहुः,ज्ञान अग्निदग्धकर्माणम् तम् आहुः,consonant
4.19.2,कामसङ्कल्पवर्जिताः,कामसम् कल्पवर्जिताः,consonant
4.19.1,समारम्भाः,सम् आरम्भाः,consonant
4.20.4,किञ्चित्करोति,किम् चित् करोति,consonant
4.20.3,नैव,न एव,vowel
4.20.2,कर्मण्यभिप्रवृत्तोऽपि,कर्मणि अभिप्रवृत्तः अपि,consonant
4.20.1,कर्मफलासङ्गन्नित्यतृप्तोनिराश्रयः,कर्मफल आसङ्गम् नित्यतृप्तः निः आश्रयः,consonant
4.21.3,कुर्वन्नाप्नोति,कुर्वन् आप्नोति,consonant
4.21.2,शारीरङ्केवलङ्कर्म,शारीरम् केवलम् कर्म,consonant
4.21.1,निराशीर्यतचित्तात्मा,निराशीः यतचित्त आत्मा,consonant
4.22.3,कृत्वापि,कृत्वा अपि,vowel
4.22.2,सिद्धावसिद्धौ,सिद्धौ असिद्धौ,vowel
4.22.1,यदृच्छालाभसन्तुष्टोद्वन्द्वातीतोविमत्सरः,यत् ऋच्छालाभसन्तुष्टः द्वन्द्व अतीतः विमत्सरः,consonant
4.23.3,समग्रम्प्रविलीयते,समग्रम् प्रविलीयते,consonant
4.23.2,यज्ञायाचरतः,यज्ञाय आचरतः,vowel
4.23.1,ज्ञानावस्थितचेतसः,ज्ञान अवस्थितचेतसः,consonant
4.24.4,गन्तव्यंब्रह्मकर्मसमाधिना,गन्तव्यम् ब्रह्मकर्म समाधिना,consonant
4.24.3,ब्रह्मैव,ब्रह्मा एव,vowel
4.24.2,हविर्ब्रह्माग्नौ,हविः ब्रह्मा अग्नौ,consonant
4.24.1,ब्रह्मार्पणम्ब्रह्म,ब्रह्मा अर्पणम् ब्रह्म,consonant
4.25.5,यज्ञंयज्ञेनैवोपजुह्वति,यज्ञम् यज्ञेन एव उपजुह्वति,consonant
4.25.4,ब्रह्माग्नावपरे,ब्रह्मा अग्नौ अपरे,vowel
4.25.3,पर्युपासते,परि उप आसते,vowel
4.25.2,यज्ञंयोगिनः,यज्ञम् योगिनः,consonant
4.25.1,दैवमेवापरे,दैवम् एव अपरे,consonant
4.26.4,इन्द्रियाग्निषु,इन्द्रिय अग्निषु,vowel
4.26.3,शब्दादीन्विषयानन्य,शब्द आदीन् विषयान् अन्य,consonant
4.26.2,संयमाग्निषु,संयम अग्निषु,vowel
4.26.1,श्रोत्रादीनीन्द्रियाण्यन्ये,श्रोत्र आदीनि इन्द्रियाणि अन्ये,vowel
4.27.3,आत्मसंयमयोगाग्नौ,आत्मसंयमयोग अग्नौ,consonant
4.27.2,चापरे,च अपरे,vowel
4.27.1,सर्वाणीन्द्रियकर्माणि,सर्वाणि इन्द्रियकर्माणि,consonant
4.28.2,स्वाध्यायज्ञानयज्ञाश्च,स्व अध्यायज्ञानयज्ञाः च,consonant
4.28.1,द्रव्ययज्ञास्तपोयज्ञायोगयज्ञास्तथापरे,द्रव्ययज्ञाः तपः यज्ञाः योगयज्ञाः तथा अपरे,consonant
4.29.3,प्राणायामपरायणाः,प्राण आयामपर अयणाः,consonant
4.29.2,प्राणापानगती,प्राण अपानगती,vowel
4.29.1,प्राणम्प्राणेऽपानम्तथापरे,प्राणम् प्राणे अपानम् तथा अपरे,consonant
4.30.3,सर्वेऽप्येते,सर्वे अपि एते,vowel
4.30.2,प्राणान्प्राणेषु,प्राणान् प्राणेषु,consonant
4.30.1,नियताहाराः,नियत आहाराः,vowel
4.31.3,कुतोऽन्यः,कुतः अन्यः,visarga
4.31.2,नायंलोकोऽस्त्ययज्ञस्य,न अयम् लोकः अस्ति अयज्ञस्य,consonant
4.31.1,यज्ञशिष्टामृतभुजोयान्ति,यज्ञशिष्ट अमृतभुजः यान्ति,consonant
4.32.3,तान्सर्वानेवञ्ज्ञात्वा,तान् सर्वान् एवम् ज्ञात्वा,consonant
4.32.2,कर्मजान्विद्धि,कर्मजान् विद्धि,consonant
4.32.1,एवम्बहुविधायज्ञावितताब्रह्मणोमुखे,एवम् बहुविधाः यज्ञाः वितताः ब्रह्मणः मुखे,consonant
4.33.3,सर्वङ्कर्माखिलम्पार्थ,सर्वम् कर्म अखिलम् पार्थ,consonant
4.33.2,परन्तप,परम् तप,consonant
4.33.1,श्रेयान्द्रव्यमयाद्यज्ञाज्ज्ञानयज्ञः,श्रेयान् द्रव्यमयात् यज्ञात् ज्ञानयज्ञः,consonant
4.34.2,ज्ञानञ्ज्ञानिनस्तत्त्वदर्शिनः,ज्ञानम् ज्ञानिनः तत्त्वदर्शिनः,consonant
4.34.1,तद्विद्धि,तत् विद्धि,consonant
4.35.4,द्रक्ष्यस्यात्मन्यथोमयि,द्रक्ष्यसि आत्मनि अथः मयि,consonant
4.35.3,भूतान्यशेषेण,भूतानि अशेषेण,vowel
4.35.2,पुनर्मोहमेवंयास्यसि,पुनः मोहम् एवम् यास्यसि,consonant
4.35.1,यज्ज्ञात्वा,यत् ज्ञात्वा,consonant
4.36.3,वृजिनंसन्तरिष्यसि,वृजिनम् सम् तरिष्यसि,consonant
4.36.2,सर्वञ्ज्ञानप्लवेनैव,सर्वम् ज्ञानप्लवेन एव,consonant
4.36.1,चेदसि,चेत् असि,consonant
4.37.4,भस्मसात्कुरुते,भस्मसात् कुरुते,consonant
4.37.3,ज्ञानाग्निः,ज्ञान अग्निः,vowel
4.37.2,समिद्धोऽग्निर्भस्मसात्कुरुतेऽर्जुन,समिद्धः अग्निः भस्मसात् कुरुते अर्जुन,consonant
4.37.1,यथैधांसि,यथा एधांसि,vowel
4.38.3,कालेनात्मनि,कालेन आत्मनि,vowel
4.38.2,तत्स्वयंयोगसंसिद्धः,तत् स्वयम् योगसम् सिद्धः,consonant
4.38.1,सदृशम्पवित्रमिह,सदृशम् पवित्रम् इह,consonant
4.39.5,परांशान्तिमचिरेणाधिगच्छति,पराम् शान्तिम् अचिरेण अधिगच्छति,consonant
4.39.4,ज्ञानंलब्ध्वा,ज्ञानम् लब्ध्वा,consonant
4.39.3,संयतेन्द्रियः,संयत इन्द्रियः,vowel
4.39.2,ज्ञानन्तत्परः,ज्ञानम् तत्परः,consonant
4.39.1,श्रद्धावाँल्लभते,श्रद्धावान् लभते,consonant
4.40.5,सुखंसंशयात्मनः,सुखम् संशय आत्मनः,consonant
4.40.4,परोन,परः न,visarga
4.40.3,नायंलोकोऽस्ति,न अयम् लोकः अस्ति,consonant
4.40.2,संशयात्मा,संशय आत्मा,vowel
4.40.1,अज्ञश्चाश्रद्धधानश्च,अज्ञः च अश्रद्धधानः च,consonant
4.41.3,धनञ्जय,धनम् जय,consonant
4.41.2,आत्मवन्तन्न,आत्मवन्तम् न,consonant
4.41.1,योगसन्न्यस्तकर्माणञ्ज्ञानसञ्छिन्नसंशयम्,योगसम् न्यस्तकर्माणम् ज्ञानसम् छिन्नसंशयम्,consonant
4.42.2,छित्त्वैनंसंशयंयोगमातिष्ठोत्तिष्ठ,छित्त्वा एनम् संशयम् योगम् आतिष्ठ उत्तिष्ठ,consonant
4.42.1,तस्मादज्ञानसम्भूतंहृत्स्थञ्ज्ञानासिनात्मनः,तस्मात् अज्ञानसम्भूतम् हृत्स्थम् ज्ञान असिन आत्मनः,consonant
4.43.6,चतुर्थोऽध्यायः,चतुर्थः अध्यायः,visarga
4.43.5,ज्ञानकर्मसन्न्यासयोगोनाम,ज्ञानकर्मसम् न्यासयोगः नाम,consonant
4.43.4,श्रीकृष्णार्जुनसंवादे,श्रीकृष्ण अर्जुनसंवादे,consonant
4.43.3,ब्रह्मविद्यायांयोगशास्त्रे,ब्रह्मविद्यायाम् योगशास्त्रे,consonant
4.43.2,श्रीमद्भगवद्गीतासु,श्रीमत् भगवत् गीतासु,consonant
4.43.1,ओंतत्,ओम् तत्,consonant
4..4.1,अर्जुनउवाच,अर्जुनः उवाच,visarga
4,चतुर्थोऽध्यायः,चतुर्थः अध्यायः,visarga
5.1.4,यच्छ्रेयएतयोरेकन्तन्मे,यत् श्रेयः एतयोः एकम् तत् मे,consonant
5.1.3,पुनर्योगञ्च,पुनः योगम् च,consonant
5.1.2,सन्न्यासंकर्मणांकृष्ण,सम् न्यासम् कर्मणाम् कृष्ण,consonant
5.1.1,अर्जुनउवाच,अर्जुनः उवाच,visarga
5.2.5,कर्मसन्न्यासात्कर्मयोगोविशिष्यते,कर्मसम् न्यासात् कर्मयोगः विशिष्यते,consonant
5.2.4,तयोस्तु,तयोः तु,visarga
5.2.3,निश्श्रेयसकरावुभौ,निः श्रेयसकरौ उभौ,consonant
5.2.2,कर्मयोगश्च,कर्मयोगः च,consonant
5.2.1,श्रीभगवानुवाच,श्रीभगवान् उवाच,consonant
5.3.4,महाबाहोसुखम्बन्धात्प्रमुच्यते,महाबाहः सुखम् बन्धात् प्रमुच्यते,consonant
5.3.3,निर्द्वन्द्वोहि,निः द्वन्द्वः हि,visarga
5.3.2,योन,यः न,visarga
5.3.1,सनित्यसन्न्यासी,सः नित्यसम् न्यासी,consonant
5.4.3,सम्यगुभयोर्विन्दते,सम्यक् उभयोः विन्दते,consonant
5.4.2,एकमप्यास्थितः,एकम् अपि आस्थितः,consonant
5.4.1,पृथग्बालाः,पृथक् बालाः,consonant
5.5.5,सपश्यति,सः पश्यति,visarga
5.5.4,योगञ्च,योगम् च,consonant
5.5.3,एकंसाङ्ख्यञ्च,एकम् साङ्ख्यम् च,consonant
5.5.2,स्थानन्तद्योगैरपि,स्थानम् तत् योगैः अपि,consonant
5.5.1,यत्सांख्यैः,यत् सांख्यैः,consonant
5.6.4,चिरेणाधिगच्छति,चिरेण अधिगच्छति,vowel
5.6.3,योगयुक्तोमुनिर्ब्रह्म,योगयुक्तः मुनिः ब्रह्म,consonant
5.6.2,महाबाहोदुःखमाप्तुमयोगतः,महाबाहः दुःखम् आप्तुम् अयोगतः,consonant
5.6.1,सन्न्यासस्तु,सम् न्यासः तु,consonant
5.7.5,कुर्वन्नपि,कुर्वन् अपि,consonant
5.7.4,सर्वभूतात्मभूतात्मा,सर्वभूत आत्मभूत आत्मा,consonant
5.7.3,जितेन्द्रियः,जित इन्द्रियः,vowel
5.7.2,विजितात्मा,विजित आत्मा,vowel
5.7.1,योगयुक्तोविशुद्धात्मा,योगयुक्तः विशुद्ध आत्मा,consonant
5.8.4,पश्यञ्शृण्वन्स्पृशञ्जिघ्रन्नश्नन्गच्छन्स्वपञ्श्वसन्,पश्यन् श्रृण्वन् स्पृशन् जिघ्रन् अश्नन् गच्छन् स्वपन् श्वसन्,consonant
5.8.3,युक्तोमन्येत,युक्तः मन्येत,visarga
5.8.2,किञ्चित्करोमीति,किम् चित् करोमि इति,consonant
5.8.1,नैव,न एव,vowel
5.9.3,वर्तन्तइति,वर्तन्ते इति,vowel
5.9.2,इन्द्रियाणीन्द्रियार्थेषु,इन्द्रियाणि इन्द्रिय अर्थेषु,vowel
5.9.1,प्रलपन्विसृजन्गृह्णनुन्मिषन्निमिषन्नपि,प्रलपन् विसृजन् गृह्णन् उन्मिषन् निमिषन् अपि,consonant
5.10.4,पद्मपत्रमिवाम्भसा,पद्मपत्रम् इव अम्भसा,consonant
5.10.3,सपापेन,सः पापेन,consonant
5.10.2,सङ्गन्त्यक्त्वा,सङ्गम् त्यक्त्वा,consonant
5.10.1,ब्रह्मण्याधाय,ब्रह्मणि आधाय,vowel
5.11.2,सङ्गन्त्यक्त्वात्मशुद्धये,सङ्गम् त्यक्त्वा आत्मशुद्धये,consonant
5.11.1,केवलैरिन्द्रियैरपि,केवलैः इन्द्रियैः अपि,visarga
5.12.4,सक्तोनिबध्यते,सक्तः निबध्यते,visarga
5.12.2,शान्तिमाप्नोति,शान्तिम् आप्नोति,consonant
5.12.1,कर्मफलन्त्यक्त्वा,कर्मफलम् त्यक्त्वा,consonant
5.13.4,कुर्वन्न,कुर्वन् न,consonant
5.13.3,नैव,न एव,vowel
5.13.2,सुखंवंशो,सुखम् वंशो,consonant
5.13.1,सन्न्यस्यास्ते,सम् न्यस्य आस्ते,consonant
5.14.2,कर्मफलसंयोगम्स्वभावस्तु,कर्मफलसंयोगम् स्वभावः तु,consonant
5.14.1,कर्तृत्वन्न,कर्तृत्वम् न,consonant
5.15.5,अज्ञानेनावृतंज्ञानंतेन,अज्ञानेन आवृतम् ज्ञानम् तेन,consonant
5.15.4,सुकृतंविभुः,सुकृतम् विभुः,consonant
5.15.3,चैव,च एव,vowel
5.15.2,पापंन,पापम् न,consonant
5.15.1,नादत्ते,न आदत्ते,vowel
5.16.4,तत्परम्,तत् परम्,consonant
5.16.3,तेषामादित्यवज्ज्ञानम्प्रकाशयति,तेषाम् आदित्यवत् ज्ञानम् प्रकाशयति,consonant
5.16.2,येषान्नाशितमात्मनः,येषाम् नाशितम् आत्मनः,consonant
5.16.1,तदज्ञानम्,तत् अज्ञानम्,consonant
5.17.2,गच्छन्त्यपुनरावृत्तिंज्ञाननिर्धूतकल्मषाः,गच्छन्ति अपुनः आवृत्तिम् ज्ञाननिः धूतकल्मषाः,consonant
5.17.1,तद्बुद्धयस्तदात्मानस्तन्निष्ठास्तत्परायणाः,तत् बुद्धयः तदा आत्मानः तत् निष्ठाः तत् पर अयणाः,consonant
5.18.2,चैव,च एव,vowel
5.18.1,विद्याविनयसम्पन्ने,विद्या विनय सम्पन्ने,consonant
5.19.7,तस्माद्ब्रह्मणि,तस्मात् ब्रह्मणि,consonant
5.19.6,समम्ब्रह्म,समम् ब्रह्म,consonant
5.19.5,निर्दोषंहि,निः दोषम् हि,consonant
5.19.4,स्थितम्मनः,स्थितम् मनः,consonant
5.19.3,येषांसाम्ये,येषाम् साम्ये,consonant
5.19.2,तैर्जितः,तैः जितः,visarga
5.19.1,इहैव,इह एव,vowel
5.20.4,स्थिरबुद्धिरसम्मूढोब्रह्मविद्ब्रह्मणि,स्थिरबुद्धिः असम् मूढः ब्रह्मवित् ब्रह्मणि,consonant
5.20.3,चाप्रियम्,च अप्रियम्,vowel
5.20.2,नोद्विजेत्प्राप्य,न उत् विजेत् प्राप्य,consonant
5.20.1,प्रहृष्येत्प्रियम्प्राप्य,प्रहृष्येत् प्रियम् प्राप्य,consonant
5.21.5,सुखमक्षयमश्नुते,सुखम् अक्षयम् अश्नुते,consonant
5.21.4,सब्रह्मयोगयुक्तात्मा,सः ब्रह्मयोगयुक्त आत्मा,consonant
5.21.3,यत्सुखम्,यत् सुखम्,consonant
5.21.2,विन्दत्यात्मनि,विन्दति आत्मनि,vowel
5.21.1,बाह्यस्पर्शेष्वसक्तात्मा,बाह्यस्पर्शेषु असक्त आत्मा,consonant
5.22.2,आद्यन्तवन्तः,आदि अन्तवन्तः,vowel
5.22.1,संस्पर्शजाभोगादुःखयोनयएव,सम् स्पर्शजाः भोगाः दुःखयोनयः एव,consonant
5.23.4,ससुखी,सः सुखी,visarga
5.23.3,कामक्रोधोद्भवंवेगंसयुक्तः,कामक्रोध उद्भवम् वेगम् सः युक्तः,consonant
5.23.2,सोढुम्प्राक्शरीरविमोक्षणात्,सोढुम् प्राक् शरीरविमोक्षणात्,consonant
5.23.1,शक्नोतीहैव,शक्नोति इह एव,vowel
5.24.3,ब्रह्मनिर्वाणम्ब्रह्मभूतोऽधिगच्छति,ब्रह्मनिर्वाणम् ब्रह्मभूतः अधिगच्छति,consonant
5.24.2,सयोगी,सः योगी,visarga
5.24.1,योऽन्तःसुखोऽन्तरारामस्तथान्तर्ज्योतिरेव,यः अन्तः सुखः अन्तरारामः तथा अन्तर्ज्योतिः एव,consonant
5.25.2,छिन्नद्वैधायतात्मानः,छिन्नद्वैधाः यत आत्मानः,consonant
5.25.1,ब्रह्मनिर्वाणमृषयः,ब्रह्मनिर्वाणम् ऋषयः,consonant
5.26.3,विदितात्मनाम्,विदित आत्मनाम्,vowel
5.26.2,अभितोब्रह्मनिर्वाणंवर्तते,अभितः ब्रह्मनिर्वाणम् वर्तते,consonant
5.26.1,कामक्रोधवियुक्तानांयतीनांयतचेतसाम्,कामक्रोधवियुक्तानाम् यतीनाम् यतचेतसाम्,consonant
5.27.4,नासाभ्यन्तरचारिणौ,नासाभि अन्तरचारिणौ,consonant
5.27.3,प्राणापानौ,प्राण अपानौ,vowel
5.27.2,बहिर्बाह्यांश्चक्षुश्चैवान्तरे,बहिः बाह्यान् चक्षुः च एव अन्तरे,consonant
5.27.1,स्पर्शान्कृत्वा,स्पर्शान् कृत्वा,consonant
5.28.3,मुक्तएव,मुक्तः एव,consonant
5.28.2,विगतेच्छाभयक्रोधोयः,विगत इच्छाभयक्रोधः यः,consonant
5.28.1,यतेन्द्रियमनोबुद्धिर्मुनिर्मोक्षपरायणः,यत इन्द्रियमनः बुद्धिः मुनिः मोक्षपर अयणः,consonant
5.29.3,मांशान्तिमृच्छति,माम् शान्तिम् ऋच्छति,consonant
5.29.2,सुहृदंसर्वभूतानाञ्ज्ञात्वा,सुहृदम् सर्वभूतानाम् ज्ञात्वा,consonant
5.29.1,भोक्तारंयज्ञतपसांसर्वलोकमहेश्वरम्,भोक्तारम् यज्ञतपसाम् सर्वलोकमहा ईश्वरम्,consonant
5.30.6,पञ्चमोऽध्यायः,पञ्चमः अध्यायः,visarga
5.30.5,कर्मसन्न्यासयोगोनाम,कर्मसम् न्यासयोगः नाम,consonant
5.30.4,श्रीकृष्णार्जुनसंवादे,श्रीकृष्ण अर्जुनसंवादे,consonant
5.30.3,ब्रह्मविद्यायांयोगशास्त्रे,ब्रह्मविद्यायाम् योगशास्त्रे,consonant
5.30.2,श्रीमद्भगवद्गीतासु,श्रीमत् भगवत् गीतासु,consonant
5.30.1,ओंतत्,ओम् तत्,consonant
5,पञ्चमोऽध्यायः,पञ्चमः अध्यायः,visarga
6.1.6,चाक्रियः,च अक्रियः,vowel
6.1.5,निरग्निर्न,निः अग्निः न,visarga
6.1.4,ससन्न्यासी,सः सम् न्यासी,consonant
6.1.3,कर्मफलंकार्यंकर्म,कर्मफलम् कार्यम् कर्म,consonant
6.1.2,अनाश्रितः,अन् आश्रितः,consonant
6.1.1,श्रीभगवानुवाच,श्रीभगवान् उवाच,consonant
6.2.4,कश्चन,कः चन,visarga
6.2.3,ह्यसन्न्यस्तसङ्कल्पोयोगी,हि असम् न्यस्तसङ्कल्पः योगी,consonant
6.2.2,प्राहुर्योगन्तंविद्धि,प्र आहुः योगम् तम् विद्धि,consonant
6.2.1,यंसन्न्यासमिति,यम् सम् न्यासम् इति,consonant
6.3.5,कारणमुच्यते,कारणम् उच्यते,consonant
6.3.4,तस्यैव,तस्य एव,vowel
6.3.3,योगारूढस्य,योग आरूढस्य,vowel
6.3.2,कारणमुच्यते,कारणम् उच्यते,consonant
6.3.1,आरुरुक्षोर्मुनेर्योगङ्कर्म,आरुरुक्षोः मुनेः योगम् कर्म,consonant
6.4.4,योगारूढस्तदोच्यते,योग आरूढः तदा उच्यते,consonant
6.4.3,सर्वसङ्कल्पसन्न्यासी,सर्वसङ्कल्प सम् न्यासी,consonant
6.4.2,कर्मस्वनुषज्जते,कर्मसु अनुषज्जते,vowel
6.4.1,नेन्द्रियार्थेषु,न इन्द्रिय अर्थेषु,vowel
6.5.4,रिपुरात्मनः,रिपुः आत्मनः,visarga
6.5.3,ह्यात्मनोबन्धुरात्मैव,हि आत्मनः बन्धुः आत्मा एव,consonant
6.5.2,आत्मैव,आत्मा एव,vowel
6.5.1,उद्धरेदात्मनात्मानंनात्मानमवसादयेत्,उत् हरेत् आत्मना आत्मानम् न आत्मानम् अवसादयेत्,consonant
6.6.4,वर्तेतात्मैव,वर्तेत आत्मा एव,vowel
6.6.3,अनात्मनस्तु,अन् आत्मनः तु,consonant
6.6.2,येनात्मैवात्मना,येन आत्मा एव आत्मना,vowel
6.6.1,बन्धुरात्मात्मनस्तस्य,बन्धुः आत्मा आत्मनः तस्य,consonant
6.7.5,मानापमानयोः,मान अपमानयोः,vowel
6.7.4,शीतोष्णसुखदुःखेषु,शीत उष्ण सुखदुःखेषु,consonant
6.7.3,समाहितः,सम् आहितः,consonant
6.7.2,परमात्मा,परम आत्मा,vowel
6.7.1,जितात्मनः,जित आत्मनः,vowel
6.8.4,समलोष्टाश्मकाञ्चनः,समलोष्ट अश्मकाम् चनः,consonant
6.8.3,युक्तइत्युच्यते,युक्तः इति उच्यते,consonant
6.8.2,कूटस्थोविजितेन्द्रियः,कूटस्थः विजितेन्द्रियः,visarga
6.8.1,ज्ञानविज्ञानतृप्तात्मा,ज्ञानविज्ञान तृप्त आत्मा,consonant
6.9.3,समबुद्धिर्विशिष्यते,समबुद्धिः विशिष्यते,visarga
6.9.2,साधुष्वपि,साधुषु अपि,vowel
6.9.1,सुहृन्मित्रार्युदासीनमध्यस्थद्वेष्यबन्धुषु,सुहृत् मित्र अरि उदासीन मध्यस्थ द्वेष्यबन्धुषु,consonant
6.10.4,निराशीरपरिग्रहः,निः आशीः अपरिग्रहः,visarga
6.10.3,यतचित्तात्मा,यतचित्त आत्मा,consonant
6.10.1,सततमात्मानंरहसि,सततम् आत्मानम् रहसि,consonant
6.11.2,नात्युच्छ्रितन्नातिनीचम्चैलाजिनकुशोत्तरम्,न अति उत् श्रृतम् न अतिनीचम् चैल अजिनकुशः उत्तरम्,consonant
6.11.1,स्थिरमासनमात्मनः,स्थिरम् आसनम् आत्मनः,consonant
6.12.4,युञ्ज्याद्योगमात्मविशुद्धये,युञ्ज्यात् योगम् आत्मविशुद्धये,consonant
6.12.3,उपविश्यासने,उपविश्य आसने,vowel
6.12.2,यतचित्तेन्द्रियक्रियः,यतचित्त इन्द्रियक्रियः,consonant
6.12.1,तत्रैकाग्रंमनः,तत्र एक अग्रम् मनः,consonant
6.13.2,नासिकाग्रंस्वन्दिशश्चानवलोकयन्,नासिका अग्रम् स्वम् दिशः च अन् अवलोकयन्,consonant
6.13.1,समङ्कायशिरोग्रीवन्धारयन्नचलंस्थिरः,समम् कायशिरः ग्रीवम् धारयन् अचलम् स्थिरः,consonant
6.14.4,मत्परः,मत् परः,consonant
6.14.3,मच्चित्तोयुक्तआसीत,मत् चित्तः युक्तः आसीत,consonant
6.14.2,विगतभीर्ब्रह्मचारिव्रते,विगतभीः ब्रह्मचारिव्रते,consonant
6.14.1,प्रशान्तात्मा,प्रशान्त आत्मा,vowel
6.15.2,शान्तिन्निर्वाणपरमाम्मत्संस्थामधिगच्छति,शान्तिम् निर्वाणपरमाम् मत् संस्थाम् अधिगच्छति,consonant
6.15.1,युञ्जन्नेवंसदात्मानंयोगी,युञ्जन् एवम् सत् आत्मानम् योगी,consonant
6.16.7,चार्जुन,च अर्जुन,vowel
6.16.5,जाग्रतोनैव,जाग्रतः न एव,consonant
6.16.4,चातिस्वप्नशीलस्य,च अतिस्वप्नशीलस्य,consonant
6.16.3,चैकान्तमनश्नतः,च एक अन्तम् अन् अश्नतः,consonant
6.16.2,योगोऽस्ति,योगः अस्ति,visarga
6.16.1,नात्यश्नतस्तु,न अति अश्नतः तु,consonant
6.17.3,योगोभवति,योगः भवति,visarga
6.17.2,युक्तस्वप्नावबोधस्य,युक्त स्वप्न अवबोधस्य,consonant
6.17.1,युक्ताहारविहारस्य,युक्त आहारविहारस्य,consonant
6.18.4,इत्युच्यते,इति उच्यते,vowel
6.18.3,सर्वकामेभ्योयुक्तः,सर्वकामेभ्यः युक्तः,consonant
6.18.2,निःस्पृहः,निः स्पृहः,visarga
6.18.1,विनियतञ्चित्तमात्मन्येवावतिष्ठते,विनियतम् चित्तम् आत्मनि एव अवतिष्ठते,consonant
6.19.4,युञ्जतोयोगमात्मनः,युञ्जतः योगम् आत्मनः,consonant
6.19.3,योगिनोयतचित्तस्य,योगिनः यतचित्तस्य,consonant
6.19.2,सोपमा,स उपमा,vowel
6.19.1,दीपोनिवातस्थोनेङ्गते,दीपः निवातस्थः न इङ्गते,consonant
6.20.3,चैवात्मनात्मानम्पश्यन्नात्मनि,च एव आत्मना आत्मानम् पश्यन् आत्मनि,consonant
6.20.2,चित्तन्निरुद्धंयोगसेवया,चित्तम् निरुद्धम् योगसेवया,consonant
6.20.1,यत्रोपरमते,यत्र उपरमते,vowel
6.21.4,स्थितश्चलतितत्त्वतः,स्थितः चलतितत्त्वतः,consonant
6.21.3,चैवायम्,च एव अयम्,vowel
6.21.2,बुद्धिग्राह्यमतीन्द्रियम्,बुद्धिग्राह्यम् अति इन्द्रियम्,consonant
6.21.1,सुखमात्यन्तिकंयत्,सुखम् आति अन्तिकम् यत्,consonant
6.22.5,गुरुणापि,गुरुणा अपि,vowel
6.22.4,यस्मिन्स्थितोन,यस्मिन् स्थितः न,consonant
6.22.3,नाधिकंततः,न अधिकम् ततः,consonant
6.22.2,चापरंलाभम्मन्यते,च अपरम् लाभम् मन्यते,consonant
6.22.1,यंलब्ध्वा,यम् लब्ध्वा,consonant
6.23.3,योक्तव्योयोगोऽनिर्विण्णचेतसा,योक्तव्यः योगः अनिर्विण्णचेतसा,consonant
6.23.2,सनिश्चयेन,सः निश्चयेन,visarga
6.23.1,तंविद्याद्दुःखसंयोगवियोगंयोगसञ्ज्ञितम्,तम् विद्यात् दुःखसंयोगवियोगम् योगसञ्ज्ञितम्,consonant
6.24.4,समन्ततः,समम् ततः,consonant
6.24.3,मनसैवेन्द्रियग्रामंविनियम्य,मनसा एव इन्द्रियग्रामम् विनियम्य,consonant
6.24.2,सर्वानशेषतः,सर्वान् अशेषतः,consonant
6.24.1,सङ्कल्पप्रभवान्कामांस्त्यक्त्वा,सम् कल्पप्रभवान् कामान् त्यक्त्वा,consonant
6.25.3,किञ्चिदपि,किम् चित् अपि,consonant
6.25.2,आत्मसंस्थम्मनः,आत्मसंस्थम् मनः,consonant
6.25.1,शनैरुपरमेद्बुद्ध्या,शनैः उपरमेत् बुद्ध्या,consonant
6.26.4,वशंनयेत्,वशम् नयेत्,consonant
6.26.3,ततस्ततोनियम्यैतदात्मन्येव,ततः ततः नियम्य एतत् आत्मनि एव,consonant
6.26.2,मनश्चञ्चलमस्थिरम्,मनः चञ्चलम् अस्थिरम्,consonant
6.26.1,यतोयतोनिश्चरति,यतः यतः निः चरति,visarga
6.27.3,शान्तरजसम्ब्रह्मभूतमकल्मषम्,शान्तरजसम् ब्रह्मभूतम् अकल्मषम्,consonant
6.27.2,उपैति,उप एति,vowel
6.27.1,प्रशान्तमनसंह्येनंयोगिनंसुखमुत्तमम्,प्रशान्तमनसम् हि एनम् योगिनम् सुखम् उत्तमम्,consonant
6.28.2,ब्रह्मसंस्पर्शमत्यन्तंसुखमश्नुते,ब्रह्मसंस्पर्शम् अत्यन्तम् सुखम् अश्नुते,consonant
6.28.1,युञ्जन्नेवंसदात्मानम्योगी,युञ्जन् एवम् सत् आत्मानम् योगी,consonant
6.29.3,योगयुक्तात्मा,योगयुक्त आत्मा,consonant
6.29.2,चात्मनि,च आत्मनि,vowel
6.29.1,सर्वभूतस्थमात्मानंसर्वभूतानि,सर्वभूतस्थम् आत्मानम् सर्वभूतानि,consonant
6.30.4,सच,सः च,visarga
6.30.3,तस्याहन्न,तस्य अहम् न,consonant
6.30.2,सर्वञ्च,सर्वम् च,consonant
6.30.1,योमाम्पश्यति,यः माम् पश्यति,consonant
6.31.3,सयोगी,सः योगी,visarga
6.31.2,वर्तमानोऽपि,वर्तमानः अपि,visarga
6.31.1,सर्वभूतस्थितंयोमाम्भजत्येकत्वमास्थितः,सर्वभूतस्थितम् यः माम् भजति एकत्वम् आस्थितः,consonant
6.32.6,परमोमतः,परमः मतः,visarga
6.32.5,दुःखंसयोगी,दुःखम् सः योगी,consonant
6.32.4,सुखंवा,सुखम् वा,consonant
6.32.3,योऽअर्जुन,यः अर्जुन,visarga
6.32.2,समम्पश्यति,समम् पश्यति,consonant
6.32.1,आत्मौपम्येन,आत्मा औपम्येन,vowel
6.33.5,चञ्चलत्वात्स्थितिंस्थिराम्,चञ्चलत्वात् स्थितिम् स्थिराम्,consonant
6.33.4,एतस्याहन्न,एतस्य अहम् न,consonant
6.33.3,प्रोक्तः,प्र उक्तः,vowel
6.33.2,योऽयंयोगस्त्वया,यः अयम् योगः त्वया,consonant
6.33.1,अर्जुनउवाच,अर्जुनः उवाच,visarga
6.34.4,वायोरिव,वायोः इव,visarga
6.34.3,तस्याहंनिग्रहम्मन्ये,तस्य अहम् निग्रहम् मन्ये,consonant
6.34.2,बलवद्दृढम्,बलवत् दृढम्,consonant
6.34.1,चञ्चलंहि,चम् चलम् हि,consonant
6.35.2,असंशयम्महाबाहोमनोदुर्निग्रहञ्चलम्,असंशयम् महाबाहः मनः दुः निग्रहम् चलम्,consonant
6.35.1,श्रीभगवानुवाच,श्रीभगवान् उवाच,consonant
6.36.4,यतताशक्योऽवाप्तुमुपायतः,यतता शक्यः अव आप्तुम् उपायतः,consonant
6.36.2,योगोदुष्प्रायइति,योगः दुः प्रायः इति,visarga
6.36.1,असंयतात्मना,असंयत आत्मना,consonant
6.37.3,योगसंसिद्धिङ्काङ्गतिङ्कृष्ण,योगसंसिद्धिम् काम् गतिम् कृष्ण,consonant
6.37.2,श्रद्धयोपेतोयोगाच्चलितमानसः,श्रद्धया उपेतः योगात् चलितमानसः,consonant
6.37.1,अर्जुनउवाच,अर्जुनः उवाच,visarga
6.38.2,अप्रतिष्ठोमहाबाहोविमूढोब्रह्मणः,अप्रति स्थः महाबाहः विमूढः ब्रह्मणः,consonant
6.38.1,कच्चिन्नोभयविभ्रष्टश्छिन्नाभ्रमिव,कत् चित् न उभयविभ्रष्टः छिन्न अभ्रम् इव,consonant
6.39.6,ह्युपपद्यते,हि उपपद्यते,vowel
6.39.5,संशयस्यास्य,संशयस्य अस्य,vowel
6.39.4,त्वदन्यः,त्वत् अन्यः,consonant
6.39.3,छेत्तुमर्हस्यशेषतः,छेत्तुम् अर्हसि अशेषतः,consonant
6.39.2,संशयङ्कृष्ण,संशयम् कृष्ण,consonant
6.39.1,एतन्मे,एतत् मे,consonant
6.40.5,कल्याणकृत्कश्चिद्दुर्गतिन्तात,कल्याणकृत् कः चित् दुः गतिम् तात,consonant
6.40.4,विनाशस्तस्य,विनाशः तस्य,visarga
6.40.3,नामुत्र,न अमुत्र,vowel
6.40.2,नैवेह,न एव इह,vowel
6.40.1,श्रीभगवानुवाच,श्रीभगवान् उवाच,consonant
6.41.3,योगभ्रष्टोऽभिजायते,योगभ्रष्टः अभिजायते,consonant
6.41.2,शुचीनांश्रीमताम्गेहे,शुचीनाम् श्रीमताम् गेहे,consonant
6.41.1,पुण्यकृतांलोकानुषित्वा,पुण्यकृताम् लोकान् उषित्वा,consonant
6.42.4,यदीदृशम्,यत् ईदृशम्,consonant
6.42.3,दुर्लभतरंलोके,दुर्लभतरम् लोके,consonant
6.42.2,एतद्धि,एतत् हि,consonant
6.42.1,योगिनामेव,योगिनाम् एव,consonant
6.43.2,ततोभूयः,ततः भूयः,visarga
6.43.1,तम्बुद्धिसंयोगंलभते,तम् बुद्धिसंयोगम् लभते,consonant
6.44.5,शब्दब्रह्मातिवर्तते,शब्दब्रह्म अतिवर्तते,consonant
6.44.4,जिज्ञासुरपि,जिज्ञासुः अपि,visarga
6.44.3,ह्यवशोऽपि,हि अवशः अपि,consonant
6.44.2,तेनैव,तेन एव,vowel
6.44.1,पूर्वाभ्यासेन,पूर्व अभ्यासेन,vowel
6.45.4,पराङ्गतिम्,पराम् गतिम्,consonant
6.45.3,अनेकजन्मसंसिद्धस्ततोयाति,अनेक जन्म संसिद्धः ततः याति,consonant
6.45.1,प्रयत्नाद्यतमानस्तु,प्रयत्नात् यतमानः तु,consonant
6.46.6,भवार्जुन,भव अर्जुन,vowel
6.46.5,तस्माद्योगी,तस्मात् योगी,consonant
6.46.4,कर्मिभ्यश्चाधिकोयोगी,कर्मिभ्यः च अधिकः योगी,consonant
6.46.3,मतोऽधिकः,मतः अधिकः,visarga
6.46.2,ज्ञानिभ्योऽपि,ज्ञानिभ्यः अपि,visarga
6.46.1,तपस्विभ्योऽधिकोयोगी,तपस्विभ्यः अधिकः योगी,visarga
6.47.5,युक्ततमोमतः,युक्ततमः मतः,consonant
6.47.4,योमांसमे,यः माम् सः मे,consonant
6.47.3,श्रद्धावान्भजते,श्रद्धावान् भजते,consonant
6.47.2,सर्वेषाम्मद्गतेनान्तरात्मना,सर्वेषाम् मत् गतेन अन्तर् आत्मना,consonant
6.47.1,योगिनामपि,योगिनाम् अपि,consonant
6.48.6,षष्ठोऽध्यायः,षष्ठः अध्यायः,visarga
6.48.5,ध्यानयोगोनाम,ध्यानयोगः नाम,consonant
6.48.4,श्रीकृष्णार्जुनसंवादे,श्रीकृष्ण अर्जुनसंवादे,consonant
6.48.3,ब्रह्मविद्यायांयोगशास्त्रे,ब्रह्मविद्यायाम् योगशास्त्रे,consonant
6.48.2,श्रीमद्भगवद्गीतासु,श्रीमत् भगवत् गीतासु,consonant
6.48.1,ओंतत्,ओम् तत्,consonant
6,षष्ठोऽध्यायः,षष्ठः अध्यायः,visarga
7.1.5,तच्छृणु,तत् श्रृणु,consonant
7.1.4,असंशयंसमग्रंमांयथा,असंशयम् समग्रम् माम् यथा,consonant
7.1.3,योगंयुञ्जन्मदाश्रयः,योगम् युञ्जन् मत् आश्रयः,consonant
7.1.2,मय्यासक्तमनाः,मयि आसक्तमनाः,consonant
7.1.1,श्रीभगवानुवाच,श्रीभगवान् उवाच,consonant
7.2.4,भूयोऽन्यज्ज्ञातव्यमवशिष्यते,भूयः अन्यत् ज्ञातव्यम् अवशिष्यते,consonant
7.2.3,नेह,न इह,vowel
7.2.2,यज्ज्ञात्वा,यत् ज्ञात्वा,consonant
7.2.1,ज्ञानंतेऽहंसविज्ञानमिदंवक्ष्याम्यशेषतः,ज्ञानम् ते अहम् सविज्ञानम् इदम् वक्ष्यामि अशेषतः,consonant
7.3.4,सिद्धानांकश्चिन्मांवेत्ति,सिद्धानाम् कः चित् माम् वेत्ति,consonant
7.3.3,यततामपि,यतताम् अपि,consonant
7.3.2,कश्चिद्यतति,कः चित् यतति,consonant
7.3.1,मनुष्याणांसहस्रेषु,मनुष्याणाम् सहस्रेषु,consonant
7.4.4,प्रकृतिरष्टधा,प्रकृतिः अष्टधा,visarga
7.4.3,अहङ्कारइतीयंमे,अहम् कारः इति इयम् मे,consonant
7.4.2,खंमनोबुद्धिरेव,खम् मनः बुद्धिः एव,consonant
7.4.1,भूमिरापोऽनलोवायुः,भूमिः आपः अनलः वायुः,visarga
7.5.2,जीवभूतांमहाबाहोययेदंधार्यते,जीवभूताम् महाबाहः यया इदम् धार्यते,consonant
7.5.1,अपरेयमितस्त्वन्यांप्रकृतिंविद्धि,अपरा इयम् इतः तु अन्याम् प्रकृतिम् विद्धि,consonant
7.6.4,प्रलयस्तथा,प्रलयः तथा,visarga
7.6.3,अहंकृत्स्नस्य,अहम् कृत्स्नस्य,consonant
7.6.2,सर्वाणीत्युपधारय,सर्वाणि इति उपधारय,vowel
7.6.1,एतद्योनीनि,एतत् योनीनि,consonant
7.7.3,सर्वमिदंप्रोतंसूत्रे,सर्वम् इदम् प्रोतम् सूत्रे,consonant
7.7.2,धनञ्जय,धनम् जय,consonant
7.7.1,परतरंनान्यत्किञ्चिदस्ति,परतरम् न अन्यत् किम् चित् अस्ति,consonant
7.8.3,पौरुषन्नृषु,पौरुषम् नृषु,consonant
7.8.2,प्रभास्मि,प्रभा अस्मि,vowel
7.8.1,रसोऽहमप्सु,रसः अहम् अप्सु,consonant
7.9.5,तपश्चास्मि,तपः च अस्मि,consonant
7.9.4,जीवनंसर्वभूतेषु,जीवनम् सर्वभूतेषु,consonant
7.9.3,तेजश्चास्मि,तेजः च अस्मि,consonant
7.9.2,पृथिव्याञ्च,पृथिव्याम् च,consonant
7.9.1,पुण्योगन्धः,पुण्यः गन्धः,visarga
7.10.3,तेजस्तेजस्विनामहम्,तेजः तेजस्विनाम् अहम्,consonant
7.10.2,बुद्धिर्बुद्धिमतामस्मि,बुद्धिः बुद्धिमताम् अस्मि,consonant
7.10.1,बीजंमांसर्वभूतानांविद्धि,बीजम् माम् सर्वभूतानाम् विद्धि,consonant
7.11.4,भरतर्षभ,भरत ऋषभ,vowel
7.11.3,कामोऽस्मि,कामः अस्मि,visarga
7.11.1,बलंबलवतांचाहंकामरागविवर्जितम्,बलम् बलवताम् च अहम् कामरागविवर्जितम्,consonant
7.12.5,त्वहंतेषु,तु अहम् तेषु,consonant
7.12.4,तान्विद्धि,तान् विद्धि,consonant
7.12.3,एवेति,एव इति,vowel
7.12.2,सात्त्विकाभावाराजसास्तामसाश्च,सात्त्विकाः भावाः राजसाः तामसाः च,visarga
7.12.1,चैव,च एव,vowel
7.13.4,मामेभ्यःपरमव्ययम्,माम् एभ्यः परम् अव्ययम्,consonant
7.13.3,मोहितंनाभिजानाति,मोहितम् न अभिजानाति,consonant
7.13.2,सर्वमिदंजगत्,सर्वम् इदम् जगत्,consonant
7.13.1,त्रिभिर्गुणमयैर्भावैरेभिः,त्रिभिः गुणमयैः भावैः एभिः,consonant
7.14.2,मायामेतांतरन्ति,मायाम् एताम् तरन्ति,consonant
7.14.1,मामेव,माम् एव,consonant
7.15.4,आसुरंभावमाश्रिताः,आसुरम् भावम् आश्रिताः,consonant
7.15.3,माययापहृतज्ञाना,मायया अपहृतज्ञाना,vowel
7.15.2,नराधमाः,नर अधमाः,vowel
7.15.1,मांदुष्कृतिनोमूढाः,माम् दुः कृतिनः मूढाः,consonant
7.16.4,भरतर्षभ,भरत ऋषभ,vowel
7.16.3,आर्तोजिज्ञासुरर्थार्थी,आर्तः जिज्ञासुः अर्थ अर्थी,consonant
7.16.2,सुकृतिनोऽर्जुन,सुकृतिनः अर्जुन,visarga
7.16.1,मांजनाः,माम् जनाः,consonant
7.17.4,ज्ञानिनोऽत्यर्थमहंसच,ज्ञानिनः अति अर्थम् अहम् सः च,consonant
7.17.3,प्रियोहि,प्रियः हि,visarga
7.17.2,एकभक्तिर्विशिष्यते,एकभक्तिः विशिष्यते,consonant
7.17.1,तेषांज्ञानी,तेषाम् ज्ञानी,consonant
7.18.5,मामेवानुत्तमाङ्गतिम्,माम् एव अन् उत्तमाम् गतिम्,consonant
7.18.4,युक्तात्मा,युक्त आत्मा,vowel
7.18.3,सहि,सः हि,visarga
7.18.2,त्वात्मैव,तु आत्मा एव,vowel
7.18.1,सर्वएवैते,सर्वे एव एते,vowel
7.19.4,समहात्मा,सः महा आत्मा,consonant
7.19.3,सर्वमिति,सर्वम् इति,consonant
7.19.2,मांप्रपद्यते,माम् प्रपद्यते,consonant
7.19.1,बहूनांजन्मनामन्ते,बहूनाम् जन्मनाम् अन्ते,consonant
7.20.3,तंतंनियममास्थाय,तम् तम् नियमम् आस्थाय,consonant
7.20.2,प्रपद्यन्तेऽन्यदेवताः,प्रपद्यन्ते अन्यदेवताः,consonant
7.20.1,कामैस्तैस्तैर्हृतज्ञानाः,कामैः तैः तैः हृतज्ञानाः,consonant
7.21.4,विदधाम्यहम्,विदधामि अहम्,vowel
7.21.3,तस्याचलांश्रद्धांतामेव,तस्य अचलाम् श्रद्धाम् ताम् एव,consonant
7.21.2,श्रद्धयार्चितुमिच्छति,श्रद्धया अर्चितुम् इच्छति,consonant
7.21.1,योयोयांयांतनुंभक्तः,यः यः याम् याम् तनुम् भक्तः,consonant
7.22.4,विहितान्हि,विहितान् हि,consonant
7.22.3,मयैव,मया एव,vowel
7.22.2,युक्तस्तस्याराधनमीहते,युक्तः तस्य आराधनम् ईहते,consonant
7.22.1,सतया,सः तया,visarga
7.23.5,मामपि,माम् अपि,consonant
7.23.4,मद्भक्तायान्ति,मत् भक्ताः यान्ति,consonant
7.23.3,देवान्देवयजोयान्ति,देवान् देवयजः यान्ति,consonant
7.23.2,फलंतेषांतद्भवत्यल्पमेधसाम्,फलम् तेषाम् तत् भवति अल्पमेधसाम्,consonant
7.23.1,अन्तवत्तु,अन्तवत् तु,consonant
7.24.3,परम्भावमजानन्तोममाव्ययमनुत्तमम्,परम् भावम् अजानन्तः मम अव्ययम् अनुत्तमम्,consonant
7.24.2,मामबुद्धयः,माम् अबुद्धयः,consonant
7.24.1,अव्यक्तंव्यक्तिमापन्नंमन्यन्ते,अव्यक्तम् व्यक्तिम् आपन्नम् मन्यन्ते,consonant
7.25.4,लोकोमामजमव्ययम्,लोकः माम् अजम् अव्ययम्,consonant
7.25.3,मूढोऽयंनाभिजानाति,मूढः अयम् न अभिजानाति,consonant
7.25.2,योगमायासमावृतः,योगमायासम् आवृतः,consonant
7.25.1,नाहंप्रकाशः,न अहम् प्रकाशः,consonant
7.26.4,कश्चन,कः चन,visarga
7.26.3,मांतु,माम् तु,consonant
7.26.2,चार्जुन,च अर्जुन,vowel
7.26.1,वेदाहंसमतीतानि,वेद अहम् सम् अतीतानि,consonant
7.27.3,परन्तप,परम् तप,consonant
7.27.2,सम्मोहंसर्गे,सम् मोहम् सर्गे,consonant
7.27.1,इच्छाद्वेषसमुत्थेन,इच्छाद्वेषसम् उत्थेन,consonant
7.28.3,मांदृढव्रताः,माम् दृढव्रताः,consonant
7.28.2,द्वन्द्वमोहनिर्मुक्ताभजन्ते,द्वन्द्वमोहनिर्मुक्ताः भजन्ते,consonant
7.28.1,येषांत्वन्तगतम्पापंजनानाम्पुण्यकर्मणाम्,येषाम् तु अन्तगतम् पापम् जनानाम् पुण्यकर्मणाम्,consonant
7.29.4,चाखिलम्,च अखिलम्,vowel
7.29.3,कृत्स्नमध्यात्मंकर्म,कृत्स्नम् अधि आत्मम् कर्म,consonant
7.29.2,तद्विदुः,तत् विदुः,consonant
7.29.1,मामाश्रित्य,माम् आश्रित्य,consonant
7.30.3,विदुर्युक्तचेतसः,विदुः युक्तचेतसः,consonant
7.30.2,प्रयाणकालेऽपि,प्रयाणकाले अपि,consonant
7.30.1,साधिभूताधिदैवम्मांसाधियज्ञञ्च,स अधिभूत अधिदैवम् माम् स अधियज्ञम् च,consonant
7.31.6,सप्तमोऽध्यायः,सप्तमः अध्यायः,visarga
7.31.5,ज्ञानविज्ञानयोगोनाम,ज्ञानविज्ञानयोगः नाम,consonant
7.31.4,श्रीकृष्णार्जुनसंवादे,श्रीकृष्ण अर्जुनसंवादे,consonant
7.31.3,ब्रह्मविद्यायांयोगशास्त्रे,ब्रह्मविद्यायाम् योगशास्त्रे,consonant
7.31.2,श्रीमद्भगवद्गीतासु,श्रीमत् भगवत् गीतासु,consonant
7.31.1,ओंतत्,ओम् तत्,consonant
7,सप्तमोऽध्यायः,सप्तमः अध्यायः,visarga
8.1.6,किम्प्रोक्तमधिदैवंकिमुच्यते,किम् प्रोक्तम् अधिदैवम् किम् उच्यते,consonant
8.1.5,अधिभूतञ्च,अधिभूतम् च,consonant
8.1.4,पुरुषोत्तम,पुरुष उत्तम,vowel
8.1.3,किमध्यात्मंकिंकर्म,किम् अधि आत्मम् किम् कर्म,consonant
8.1.2,किंतद्ब्रह्म,किम् तत् ब्रह्म,consonant
8.1.1,अर्जुनउवाच,अर्जुनः उवाच,visarga
8.2.4,नियतात्मभिः,नियत आत्मभिः,vowel
8.2.3,कथञ्ज्ञेयोऽसि,कथम् ज्ञेयः असि,consonant
8.2.2,देहेऽस्मिन्मधुसूदन,देहे अस्मिन् मधुसूदन,consonant
8.2.1,कथङ्कोऽत्र,कथम् कः अत्र,consonant
8.3.4,भूतभावोद्भवकरोविसर्गः,भूतभाव उत् भवकरः विसर्गः,consonant
8.3.3,परमंस्वभावोऽध्यात्ममुच्यते,परमम् स्वभावः अधि आत्मम् उच्यते,consonant
8.3.2,अक्षरम्ब्रह्म,अक्षरम् ब्रह्म,consonant
8.3.1,श्रीभगवानुवाच,श्रीभगवान् उवाच,consonant
8.4.4,देहभृतांवर,देहभृताम् वर,consonant
8.4.3,अधियज्ञोऽहमेवात्र,अधियज्ञः अहम् एव अत्र,consonant
8.4.2,पुरुषश्चाधिदैवतम्,पुरुषः च अधिदैवतम्,consonant
8.4.1,अधिभूतंक्षरोभावः,अधिभूतम् क्षरः भावः,consonant
8.5.3,नास्त्यत्र,न अस्ति अत्र,vowel
8.5.2,समद्भावंयाति,सः मत् भावम् याति,consonant
8.5.1,मामेव,माम् एव,consonant
8.6.4,तद्भावभावितः,तत् भावभावितः,consonant
8.6.3,तंतमेवैति,तम् तम् एव एति,consonant
8.6.2,स्मरन्भावन्त्यजत्यन्ते,स्मरन् भावम् त्यजति अन्ते,consonant
8.6.1,यंयंवापि,यम् यम् वा अपि,consonant
8.7.3,मय्यर्पितमनोबुद्धिर्मामेवैष्यस्यसंशयः,मयि अर्पितमनः बुद्धिः माम् एव एष्यसि असंशयः,consonant
8.7.2,मामनुस्मर,माम् अनुस्मर,consonant
8.7.1,तस्मात्सर्वेषु,तस्मात् सर्वेषु,consonant
8.8.3,पार्थानुचिन्तयन्,पार्थ अनुचिन्तयन्,consonant
8.8.2,परमम्पुरुषंदिव्यंयाति,परमम् पुरुषम् दिव्यम् याति,consonant
8.8.1,नान्यगामिना,न अन्यगामिना,consonant
8.9.3,परस्तात्,परः तात्,visarga
8.9.2,धातारमचिन्त्यरूपमादित्यवर्णन्तमसः,धातारम् अचिन्त्यरूपम् आदित्यवर्णम् तमसः,consonant
8.9.1,कविम्पुराणमनुशासितारमणोरणीयांसमनुस्मरेद्यः,कविम् पुराणम् अनुशासितारम् अणोः अणीयांसम् अनुस्मरेत् यः,consonant
8.10.5,सतम्परम्पुरुषमुपैति,सः तम् परम् पुरुषम् उप एति,consonant
8.10.4,प्राणमावेश्य,प्राणम् आवेश्य,consonant
8.10.3,भ्रुवोर्मध्ये,भ्रुवोः मध्ये,visarga
8.10.2,चैव,च एव,vowel
8.10.1,युक्तोयोगबलेन,युक्तः योगबलेन,consonant
8.11.5,पदंसङ्ग्रहेण,पदम् सङ्ग्रहेण,consonant
8.11.4,तत्ते,तत् ते,consonant
8.11.3,यदिच्छन्तोब्रह्मचर्यञ्चरन्ति,यत् इच्छन्तः ब्रह्मचर्यम् चरन्ति,consonant
8.11.2,यद्यतयोवीतरागाः,यत् यतयः वीतरागाः,consonant
8.11.1,यदक्षरंवेदविदोवदन्ति,यत् अक्षरम् वेदविदः वदन्ति,consonant
8.12.3,प्राणमास्थितोयोगधारणाम्,प्राणम् आस्थितः योगधारणाम्,consonant
8.12.2,मूर्ध्न्याधायात्मनः,मूर्ध्न्य आधाय आत्मनः,vowel
8.12.1,मनोहृदि,मनः हृदि,visarga
8.13.4,परमाङ्गतिम्,परमाम् गतिम्,consonant
8.13.3,त्यजन्देहंसयाति,त्यजन् देहम् सः याति,consonant
8.13.2,व्याहरन्मामनुस्मरन्,व्याहरन् माम् अनुस्मरन्,consonant
8.13.1,ओमित्येकाक्षरम्ब्रह्म,ओम् इति एक अक्षरम् ब्रह्म,consonant
8.14.2,तस्याहंसुलभः,तस्य अहम् सुलभः,consonant
8.14.1,सततंयोमांस्मरति,सततम् यः माम् स्मरति,consonant
8.15.6,संसिद्धिम्परमाङ्गताः,सम् सिद्धिम् परमाम् गताः,consonant
8.15.5,महात्मानः,महा आत्मानः,vowel
8.15.4,नाप्नुवन्ति,न आप्नुवन्ति,vowel
8.15.3,दुःखालयमशाश्वतम्,दुःख आलयम् अशाश्वतम्,consonant
8.15.2,पुनर्जन्म,पुनः जन्म,visarga
8.15.1,मामुपेत्य,माम् उपेत्य,consonant
8.16.4,पुनर्जन्म,पुनः जन्म,visarga
8.16.3,मामुपेत्य,माम् उप इत्य,consonant
8.16.2,पुनरावर्तिनोऽर्जुन,पुनः आवर्तिनः अर्जुन,visarga
8.16.1,आब्रह्मभुवनाल्लोकाः,आब्रह्मभुवनात् लोकाः,consonant
8.17.2,रात्रिंयुगसहस्रान्तान्तेऽहोरात्रविदोजनाः,रात्रिम् युगसहस्रान्ताम् ते अहः रात्रविदः जनाः,consonant
8.17.1,सहस्रयुगपर्यन्तमहर्यद्ब्रह्मणोविदुः,सहस्रयुगपर्यन्तम् अहः यत् ब्रह्मणः विदुः,consonant
8.18.4,तत्रैवाव्यक्तसञ्ज्ञके,तत्र एव अव्यक्तसञ्ज्ञके,consonant
8.18.3,रात्र्यागमे,रात्रि आगमे,vowel
8.18.2,प्रभवन्त्यहरागमे,प्रभवन्ति अहः आगमे,consonant
8.18.1,अव्यक्ताद्व्यक्तयः,अव्यक्तात् व्यक्तयः,consonant
8.19.3,प्रभवत्यहरागमे,प्रभवति अहः आगमे,consonant
8.19.2,रात्र्यागमेऽवशः,रात्रि आगमे अवशः,vowel
8.19.1,सएवायम्भूत्वा,सः एव अयम् भूत्वा,consonant
8.20.3,ससर्वेषु,सः सर्वेषु,visarga
8.20.2,भावोऽन्योऽव्यक्तोऽव्यक्तात्सनातनः,भावः अन्यः अव्यक्तः अव्यक्तात् सनातनः,consonant
8.20.1,परस्तस्मात्तु,परः तस्मात् तु,consonant
8.21.5,परमम्मम,परमम् मम,consonant
8.21.4,तद्धाम,तत् धाम,consonant
8.21.3,यंप्राप्य,यम् प्राप्य,consonant
8.21.2,परमाङ्गतिम्,परमाम् गतिम्,consonant
8.21.1,अव्यक्तोऽक्षरइत्युक्तस्तमाहुः,अव्यक्तः अक्षरः इति उक्तः तम् आहुः,consonant
8.22.3,सर्वमिदन्ततम्,सर्वम् इदम् ततम्,consonant
8.22.2,यस्यान्तःस्थानि,यस्य अन्तः स्थानि,consonant
8.22.1,लभ्यस्त्वनन्यया,लभ्यः तु अनन्यया,consonant
8.23.4,भरतर्षभ,भरत ऋषभ,vowel
8.23.3,तङ्कालंवक्ष्यामि,तम् कालम् वक्ष्यामि,consonant
8.23.2,प्रयातायान्ति,प्रयाताः यान्ति,visarga
8.23.1,त्वनावृत्तिमावृत्तिञ्चैव,तु अन् आवृत्तिम् आवृत्तिम् च एव,consonant
8.24.5,ब्रह्मविदोजनाः,ब्रह्मविदः जनाः,consonant
8.24.4,प्रयातागच्छन्ति,प्रयाताः गच्छन्ति,visarga
8.24.3,उत्तरायणम्,"उत्तर अयणम्
",vowel
8.24.2,षण्मासा,षट् मासा,consonant
8.24.1,अग्निर्ज्योतिरहः,अग्निः ज्योतिः अहः,visarga
8.25.4,चान्द्रमसञ्ज्योतिर्योगी,चान्द्रमसम् ज्योतिः योगी,consonant
8.25.3,दक्षिणायनम्,दक्षिण अयनम्,vowel
8.25.2,षण्मासा,षट् मासा,consonant
8.25.1,धूमोरात्रिस्तथा,धूमः रात्रिः तथा,visarga
8.26.2,यात्यनावृत्तिमन्ययावर्तते,याति अन् आवृत्तिम् अन्यया आवर्तते,consonant
8.26.1,ह्येते,हि एते,vowel
8.27.5,योगयुक्तोभवार्जुन,योगयुक्तः भव अर्जुन,consonant
8.27.4,तस्मात्सर्वेषु,तस्मात् सर्वेषु,consonant
8.27.3,कश्चन,कः चन,visarga
8.27.2,जानन्योगी,जानन् योगी,consonant
8.27.1,नैते,न एते,vowel
8.28.6,चाद्यम्,च अद्यम्,vowel
8.28.5,परंस्थानमुपैति,परम् स्थानम् उप एति,consonant
8.28.4,तत्सर्वमिदंविदित्वा,तत् सर्वम् इदम् विदित्वा,consonant
8.28.3,अत्येति,अति एति,vowel
8.28.2,यत्पुण्यफलम्प्रदिष्टम्,यत् पुण्यफलम् प्रदिष्टम्,consonant
8.28.1,चैव,च एव,vowel
8.29.6,अष्टमोऽध्यायः,अष्टमः अध्यायः,visarga
8.29.5,अक्षरपरब्रह्मयोगोनाम,अक्षरपरब्रह्मयोगः नाम,consonant
8.29.4,श्रीकृष्णार्जुनसंवादे,श्रीकृष्ण अर्जुनसंवादे,consonant
8.29.3,ब्रह्मविद्यायांयोगशास्त्रे,ब्रह्मविद्यायाम् योगशास्त्रे,consonant
8.29.2,श्रीमद्भगवद्गीतासु,श्रीमत् भगवत् गीतासु,consonant
8.29.1,ओंतत्,ओम् तत्,consonant
8,अष्टमोऽध्यायः,अष्टमः अध्यायः,visarga
9.1.5,मोक्ष्यसेऽशुभात्,मोक्ष्यसे अशुभात्,vowel
9.1.4,ज्ञानंविज्ञानसहितंयज्ज्ञात्वा,ज्ञानम् विज्ञानसहितम् यत् ज्ञात्वा,consonant
9.1.3,गुह्यतमंप्रवक्ष्याम्यनसूयवे,गुह्यतमम् प्रवक्ष्यामि अन् असूयवे,consonant
9.1.2,इदंतु,इदम् तु,consonant
9.1.1,श्रीभगवानुवाच,श्रीभगवान् उवाच,consonant
9.2.2,प्रत्यक्षावगमंधर्म्यंसुसुखंकर्तुमव्ययम्,प्रत्यक्ष अवगमम् धर्म्यम् सुसुखम् कर्तुम् अव्ययम्,consonant
9.2.1,राजगुह्यंपवित्रमिदमुत्तमम्,राजगुह्यम् पवित्रम् इदम् उत्तमम्,consonant
9.3.3,मांनिवर्तन्ते,माम् निवर्तन्ते,consonant
9.3.2,परन्तप,परम् तप,consonant
9.3.1,पुरुषाधर्मस्यास्य,पुरुषाः धर्मस्य अस्य,consonant
9.4.2,चाहंतेष्ववस्थितः,च अहम् तेषु अवस्थितः,consonant
9.4.1,ततमिदंसर्वंजगदव्यक्तमूर्तिना,ततम् इदम् सर्वम् जगत् अव्यक्तमूर्तिना,consonant
9.5.3,भूतस्थोममात्मा,भूतस्थः मम आत्मा,consonant
9.5.2,भूतभृन्न,भूतभृत् न,consonant
9.5.1,योगमैश्वरम्,योगम् ऐश्वरम्,consonant
9.6.3,मत्स्थानीत्युपधारय,मत् स्थानि इति उपधारय,consonant
9.6.2,सर्वत्रगोमहान्,सर्वत्रगः महान्,visarga
9.6.1,यथाकाशस्थितोनित्यंवायुः,यथा आकाशस्थितः नित्यम् वायुः,consonant
9.7.4,विसृजाम्यहम्,विसृजामि अहम्,vowel
9.7.3,कल्पादौ,कल्प आदौ,vowel
9.7.2,पुनस्तानि,पुनः तानि,visarga
9.7.1,प्रकृतिंयान्ति,प्रकृतिम् यान्ति,consonant
9.8.3,कृत्स्नमवसम्प्रकृतेर्वशात्,कृत्स्नम् अवसम् प्रकृतेः वशात्,consonant
9.8.2,भूतग्राममिमम्,भूतग्रामम् इमम्,consonant
9.8.1,प्रकृतिंस्वामवष्टभ्य,प्रकृतिम् स्वाम् अवष्टभ्य,consonant
9.9.3,उदासीनवदासीनमसक्तंतेषु,उदासीनवत् आसीनम् असक्तम् तेषु,consonant
9.9.2,धनञ्जय,धनम् जय,consonant
9.9.1,मांतानि,माम् तानि,consonant
9.10.4,जगद्विपरिवर्तते,जगत् विपरिवर्तते,consonant
9.10.3,हेतुनानेन,हेतुना अनेन,vowel
9.10.2,सचराचरम्,सचर अचरम्,vowel
9.10.1,मयाध्यक्षेण,मया अधि अक्षेण,vowel
9.11.3,भूतमहेश्वरम्,भूतमहा ईश्वरम्,vowel
9.11.2,परंभावमजानन्तोमम,परम् भावम् अजानन्तः मम,consonant
9.11.1,मांमूढामानुषींतनुमाश्रितम्,माम् मूढाः मानुषीम् तनुम् आश्रितम्,consonant
9.12.3,प्रकृतिंमोहिनीम्,प्रकृतिम् मोहिनीम्,consonant
9.12.2,राक्षसीमासुरींचैव,राक्षसीम् आसुरीम् च एव,consonant
9.12.1,मोघाशामोघकर्माणोमोघज्ञानाविचेतसः,मोघ आशाः मोघ कर्माणः मोघ ज्ञानाः विचेतसः,consonant
9.13.5,भूतादिमव्ययम्,भूत आदिम् अव्ययम्,consonant
9.13.4,भजन्त्यनन्यमनसोज्ञात्वा,भजन्ति अनन्यमनसः ज्ञात्वा,consonant
9.13.3,दैवींप्रकृतिमाश्रिताः,दैवीम् प्रकृतिम् आश्रिताः,consonant
9.13.2,मांपार्थ,माम् पार्थ,consonant
9.13.1,महात्मानस्तु,महा आत्मानः तु,consonant
9.14.3,मांभक्त्या,माम् भक्त्या,consonant
9.14.2,नमस्यन्तश्च,नमस्यन्तः च,visarga
9.14.1,सततंकीर्तयन्तोमांयतन्तश्च,सततम् कीर्तयन्तः माम् यतन्तः च,consonant
9.15.3,विश्वतोमुखम्,विश्वतः मुखम्,visarga
9.15.2,यजन्तोमामुपासते,यजन्तः माम् उपासते,consonant
9.15.1,चाप्यन्ये,च अपि अन्ये,vowel
9.16.3,मन्त्रोऽहमहमेवाज्यमहमग्निरहंहुतम्,मन्त्रः अहम् अहम् एव आज्यम् अहम् अग्निः अहम् हुतम्,consonant
9.16.2,स्वधाहमहमौषधम्,स्वधा अहम् अहम् औषधम्,consonant
9.16.1,अहंक्रतुरहंयज्ञः,अहम् क्रतुः अहम् यज्ञः,consonant
9.17.4,गतिर्भर्ता,गतिः भर्ता,visarga
9.17.3,वेद्यंपवित्रमोंकारऋक्सामयजुरेव,वेद्यम् पवित्रम् ओम् कारः ऋक्सामयजुः एव,consonant
9.17.2,जगतोमाता,जगतः माता,visarga
9.17.1,पिताहमस्य,पिता अहम् अस्य,consonant
9.18.2,स्थानंनिधानंबीजमव्ययम्,स्थानम् निधानम् बीजम् अव्ययम्,consonant
9.18.1,शरणंसुहृत्,शरणम् सुहृत्,consonant
9.19.4,सदसच्चाहमर्जुन,सत् असत् च अहम् अर्जुन,consonant
9.19.3,मृत्युश्च,मृत्युः च,visarga
9.19.2,अमृतंचैव,अमृतम् च एव,consonant
9.19.1,तपाम्यहमहंवर्षंनिगृह्णाम्युत्सृजामि,तपामि अहम् अहम् वर्षम् निगृह्णामि उत्सृजामि,consonant
9.20.7,दिव्यान्दिवि,दिव्यान् दिवि,consonant
9.20.6,सुरेन्द्रलोकम्,सुर इन्द्रलोकम्,consonant
9.20.5,पुण्यमासाद्य,पुण्यम् आसाद्य,consonant
9.20.4,स्वर्गतिंप्रार्थयन्ते,स्वर्गतिम् प्रार्थयन्ते,consonant
9.20.2,यज्ञैरिष्ट्वा,यज्ञैः इष्ट्वा,visarga
9.20.1,मांसोमपाः,माम् सोमपाः,consonant
9.21.5,गतागतंकामकामालभन्ते,गत आगतम् कामकामाः लभन्ते,consonant
9.21.4,एवंत्रयीधर्ममनुप्रपन्ना,एवम् त्रयीधर्मम् अनुप्रपन्ना,consonant
9.21.3,मर्त्यलोकंविशन्ति,मर्त्यलोकम् विशन्ति,consonant
9.21.2,स्वर्गलोकंविशालम्,स्वर्गलोकम् विशालम्,consonant
9.21.1,तंभुक्त्वा,तम् भुक्त्वा,consonant
9.22.3,तेषांनित्याभियुक्तानांयोगक्षेमंवहाम्यहम्,तेषाम् नित्य अभियुक्तानाम् योगक्षेमम् वहामि अहम्,consonant
9.22.2,पर्युपासते,परि उपासते,vowel
9.22.1,अनन्याश्चिन्तयन्तोमांये,अनन्याः चिन्तयन्तः माम् ये,consonant
9.23.5,यजन्त्यविधिपूर्वकम्,यजन्ति अविधिपूर्वकम्,consonant
9.23.4,मामेव,माम् एव,consonant
9.23.3,तेऽपि,ते अपि,vowel
9.23.2,श्रद्धयान्विताः,श्रद्धया अन्विताः,vowel
9.23.1,येऽप्यन्यदेवताभक्तायजन्ते,ये अपि अन्यदेवताः भक्ताः यजन्ते,consonant
9.24.5,तत्त्वेनातश्च्यवन्ति,तत्त्वेन अतश्च्यवन्ति,vowel
9.24.4,मामभिजानन्ति,माम् अभिजानन्ति,consonant
9.24.3,प्रभुरेव,प्रभुः एव,visarga
9.24.2,सर्वयज्ञानांभोक्ता,सर्वयज्ञानाम् भोक्ता,consonant
9.24.1,अहंहि,अहम् हि,consonant
9.25.3,मद्याजिनोऽपि,मत् याजिनः अपि,consonant
9.25.2,भूतेज्या,भूत इज्या,vowel
9.25.1,देवव्रतादेवान्पितॄन्,देवव्रताः देवान् पितॄन्,consonant
9.26.3,प्रयतात्मनः,प्रयत आत्मनः,vowel
9.26.2,तदहंभक्त्युपहृतमश्नामि,तत् अहम् भक्ति उपहृतम् अश्नामि,consonant
9.26.1,पत्रंपुष्पंफलंतोयंयोमे,पत्रम् पुष्पम् फलम् तोयम् यः मे,consonant
9.27.6,मदर्पणम्,मत् अर्पणम्,consonant
9.27.5,तत्कुरुष्व,तत् कुरुष्व,consonant
9.27.4,यत्तपस्यसि,यत् तपस्यसि,consonant
9.27.3,यज्जुहोषि,यत् जुहोषि,consonant
9.27.2,यदश्नासि,यत् अश्नासि,consonant
9.27.1,यत्करोषि,यत् करोषि,consonant
9.28.3,विमुक्तोमामुपैष्यसि,विमुक्तः माम् उपैष्यसि,consonant
9.28.2,संन्यासयोगयुक्तात्मा,सम् न्यासयोगयुक्त आत्मा,consonant
9.28.1,शुभाशुभफलैरेवंमोक्ष्यसे,शुभ अशुभफलैः एवम् मोक्ष्यसे,consonant
9.29.4,चाप्यहम्,च अपि अहम्,vowel
9.29.3,मांभक्त्या,माम् भक्त्या,consonant
9.29.2,द्वेष्योऽस्ति,द्वेष्यः अस्ति,visarga
9.29.1,समोऽहंसर्वभूतेषु,समः अहम् सर्वभूतेषु,consonant
9.30.5,सम्यग्व्यवसितोहि,सम्यक् व्यवसितः हि,consonant
9.30.4,समन्तव्यः,सः मन्तव्यः,visarga
9.30.3,साधुरेव,साधुः एव,visarga
9.30.2,मामनन्यभाक्,माम् अन् अन्यभाक्,consonant
9.30.1,चेत्सुदुराचारोभजते,चेत् सुदुराचारः भजते,consonant
9.31.3,शश्वच्छान्तिंनिगच्छति,शश्वत् शान्तिम् निगच्छति,consonant
9.31.2,धर्मात्मा,धर्म आत्मा,vowel
9.31.1,क्षिप्रंभवति,क्षिप्रम् भवति,consonant
9.32.6,परांगतिम्,पराम् गतिम्,consonant
9.32.5,शूद्रास्तेऽपि,शूद्राः ते अपि,consonant
9.32.4,स्त्रियोवैश्यास्तथा,स्त्रियः वैश्याः तथा,visarga
9.32.3,येऽपि,ये अपि,vowel
9.32.2,व्यपाश्रित्य,वि अप आश्रित्य,vowel
9.32.1,मांहि,माम् हि,consonant
9.33.3,अनित्यमसुखंलोकमिमंप्राप्य,अनित्यम्   असुखम् लोकम् इमम् प्राप्य,consonant
9.33.2,पुण्याभक्ताराजर्षयस्तथा,पुण्याः भक्ताः राजा ऋषयः तथा,consonant
9.33.1,किंपुनर्ब्राह्मणाः,किम् पुनः ब्राह्मणाः,consonant
9.34.6,आत्मानंमत्परायणः,आत्मानम् मत् परायणः,consonant
9.34.5,युक्त्वैवम्,युक्त्वा एवम्,vowel
9.34.4,मामेवैष्यसि,माम् एव ऐष्यसि,consonant
9.34.3,मांनमस्कुरु,माम् नमः कुरु,consonant
9.34.2,मद्भक्तोमद्याजी,मत् भक्तः मत् याजी,consonant
9.34.1,मन्मना,मत् मना,consonant
9.35.5,राजविद्याराजगुह्ययोगोनाम,राजविद्याराजगुह्ययोगः नाम,consonant
9.35.4,श्रीकृष्णार्जुनसंवादे,श्रीकृष्ण अर्जुनसंवादे,consonant
9.35.3,ब्रह्मविद्यायांयोगशास्त्रे,ब्रह्मविद्यायाम् योगशास्त्रे,consonant
9.35.2,श्रीमद्भगवद्गीतासु,श्रीमत् भगवत् गीतासु,consonant
9.35.1,ओंतत्,ओम् तत्,consonant
9,नवमोऽध्यायः,नवमः अध्यायः,visarga